date,spend_Prospecting_jump,spend_Prospecting_non_jump,spend_Retargeting_jump,spend_Retargeting_non_jump,impressions_Prospecting_jump,impressions_Prospecting_non_jump,impressions_Retargeting_jump,impressions_Retargeting_non_jump,aws_purchases,aws_revenue
2021-01-01,0.0,50179.5,0.0,2513.08,0.0,1076303.0,0.0,54874.0,378.0,73363.96
2021-01-02,0.0,55232.91,0.0,2534.51,0.0,1154621.0,0.0,55562.0,419.0,75910.74
2021-01-03,0.0,43370.97,0.0,3724.27,0.0,912977.0,0.0,72705.0,248.0,49505.97
2021-01-04,0.0,30094.1,0.0,3888.6499999999996,0.0,681362.0,0.0,80308.0,195.0,35989.8
2021-01-05,0.0,27818.36,0.0,3971.8399999999997,0.0,618683.0,0.0,78503.0,157.0,30652.829999999998
2021-01-06,0.0,24885.64,0.0,2274.96,0.0,734534.0,0.0,54112.0,117.0,22576.11
2021-01-07,0.0,25701.37,0.0,2057.28,0.0,757348.0,0.0,46060.0,146.0,28208.75
2021-01-08,0.0,28527.63,0.0,3606.4500000000003,0.0,719019.0,0.0,71926.0,198.0,36492.44
2021-01-09,0.0,34786.45,0.0,5613.06,0.0,849880.0,0.0,99767.0,230.0,42959.89
2021-01-10,0.0,38409.19,0.0,5306.41,0.0,934584.0,0.0,88052.0,242.0,42912.98
2021-01-11,0.0,28130.64,0.0,3682.42,0.0,697805.0,0.0,70800.0,198.0,35875.23
2021-01-12,0.0,33095.89,0.0,4419.65,0.0,773061.0,0.0,67398.0,219.0,38546.7
2021-01-13,0.0,28968.6,0.0,3545.65,0.0,645978.0,0.0,48186.0,190.0,34671.92
2021-01-14,0.0,28856.23,0.0,2699.7400000000002,0.0,576013.0,0.0,38218.0,225.0,38284.159999999996
2021-01-15,0.0,33761.62,0.0,3001.11,0.0,635359.0,0.0,40085.0,235.0,40047.61
2021-01-16,0.0,38469.8,0.0,3058.67,0.0,708567.0,0.0,37626.0,283.0,49939.85
2021-01-17,0.0,44753.23,0.0,3318.83,0.0,868523.0,0.0,43103.0,334.0,58177.42
2021-01-18,0.0,41583.65,0.0,5197.2,0.0,1050895.0,0.0,91341.0,322.0,53381.0
2021-01-19,0.0,34918.99,0.0,4481.88,0.0,980773.0,0.0,76929.0,245.0,41220.16
2021-01-20,0.0,25758.19,0.0,4129.53,0.0,839531.0,0.0,79395.0,173.0,30192.27
2021-01-21,0.0,26853.78,0.0,5281.04,0.0,826338.0,0.0,105271.0,201.0,33959.72
2021-01-22,0.0,27087.32,0.0,5700.52,0.0,744439.0,0.0,110282.0,224.0,34459.55
2021-01-23,0.0,42137.77,0.0,7748.14,0.0,1185722.0,0.0,139527.0,365.0,61757.159999999996
2021-01-24,0.0,47243.0,0.0,12366.720000000001,0.0,1449517.0,0.0,231619.0,349.0,59355.22
2021-01-25,0.0,37486.38,0.0,8360.17,0.0,839112.0,0.0,156173.0,267.0,42797.409999999996
2021-01-26,0.0,34022.08,0.0,4437.65,0.0,769312.0,0.0,75476.0,242.0,41036.34
2021-01-27,0.0,27393.45,0.0,4133.68,0.0,675199.0,0.0,66532.0,197.0,29095.4
2021-01-28,0.0,20719.36,0.0,2384.57,0.0,464402.0,0.0,41291.0,158.0,26820.329999999998
2021-01-29,0.0,19783.02,0.0,2594.65,0.0,449319.0,0.0,41172.0,114.0,17967.19
2021-01-30,0.0,35529.04,0.0,3274.75,0.0,770219.0,0.0,62762.0,282.0,45666.89
2021-01-31,0.0,32443.329999999998,0.0,4500.06,0.0,787513.0,0.0,91603.0,261.0,45531.24
2021-02-01,0.0,29641.46,0.0,3009.2000000000003,0.0,746216.0,0.0,68655.0,201.0,33790.78
2021-02-02,0.0,30305.26,0.0,3018.27,0.0,718508.0,0.0,53489.0,213.0,37197.56
2021-02-03,0.0,31288.53,0.0,2973.36,0.0,697474.0,0.0,50822.0,224.0,43138.52
2021-02-04,0.0,38655.23,0.0,2811.33,0.0,858206.0,0.0,47900.0,259.0,45063.21
2021-02-05,0.0,39309.09,0.0,3175.13,0.0,837263.0,0.0,46809.0,244.0,46605.07
2021-02-06,0.0,36089.81,0.0,3202.29,0.0,764845.0,0.0,44141.0,214.0,40594.26
2021-02-07,0.0,34809.72,0.0,3565.26,0.0,786716.0,0.0,52360.0,220.0,41373.58
2021-02-08,0.0,28918.93,0.0,3769.8900000000003,0.0,722353.0,0.0,81041.0,205.0,34832.52
2021-02-09,0.0,29590.170000000002,0.0,3764.02,0.0,738521.0,0.0,85373.0,191.0,34017.82
2021-02-10,0.0,29608.47,0.0,2855.41,0.0,734318.0,0.0,59566.0,184.0,36470.59
2021-02-11,0.0,35577.64,0.0,3845.42,0.0,804064.0,0.0,71231.0,245.0,48383.77
2021-02-12,0.0,44456.69,0.0,3558.47,0.0,986790.0,0.0,70676.0,259.0,43640.22
2021-02-13,0.0,42529.76,0.0,3324.64,0.0,955517.0,0.0,71686.0,285.0,49595.33
2021-02-14,0.0,48792.05,0.0,4073.5699999999997,0.0,1151052.0,0.0,90824.0,279.0,55257.19
2021-02-15,0.0,37061.69,0.0,3988.7200000000003,0.0,914763.0,0.0,90917.0,228.0,46634.57
2021-02-16,0.0,32755.57,0.0,4284.97,0.0,864183.0,0.0,96763.0,205.0,40861.95
2021-02-17,0.0,40820.15,0.0,4553.38,0.0,1069653.0,0.0,96149.0,266.0,48023.49
2021-02-18,0.0,45505.73,0.0,5259.74,0.0,1123023.0,0.0,106060.0,298.0,56864.369999999995
2021-02-19,0.0,45709.67,0.0,5108.85,0.0,1057682.0,0.0,96644.0,328.0,59995.75
2021-02-20,0.0,51632.23,0.0,4305.11,0.0,1190446.0,0.0,82479.0,333.0,61564.51
2021-02-21,0.0,54441.61,0.0,5154.71,0.0,1271345.0,0.0,100765.0,379.0,68612.49
2021-02-22,0.0,46535.47,0.0,4524.4,0.0,1155953.0,0.0,102279.0,296.0,53335.95
2021-02-23,0.0,49715.4,0.0,4921.39,0.0,1145384.0,0.0,107698.0,339.0,62858.36
2021-02-24,0.0,45955.409999999996,0.0,5069.29,0.0,896022.0,0.0,95718.0,244.0,45446.28
2021-02-25,0.0,49655.07,0.0,5606.22,0.0,999531.0,0.0,105467.0,312.0,54151.35
2021-02-26,0.0,55500.26,0.0,5866.54,0.0,1136038.0,0.0,111139.0,357.0,63686.61
2021-02-27,0.0,70288.16,0.0,7053.9,0.0,1493075.0,0.0,137284.0,469.0,84705.1
2021-02-28,0.0,78567.74,0.0,7612.5199999999995,0.0,1583614.0,0.0,136291.0,525.0,92381.05
2021-03-01,0.0,65794.3,0.0,8371.199999999999,0.0,1301527.0,0.0,151517.0,476.0,83144.88
2021-03-02,0.0,61366.38,0.0,8760.93,0.0,1209648.0,0.0,158828.0,392.0,65971.9
2021-03-03,0.0,59004.6,0.0,8544.6,0.0,1207849.0,0.0,171609.0,372.0,63524.2
2021-03-04,0.0,57123.65,0.0,8943.26,0.0,1197025.0,0.0,182199.0,372.0,63902.07
2021-03-05,0.0,54882.43,0.0,8776.63,0.0,1108232.0,0.0,179522.0,378.0,67882.37
2021-03-06,0.0,58422.840000000004,0.0,10474.25,0.0,1166621.0,0.0,176665.0,395.0,66344.96
2021-03-07,0.0,81233.15,0.0,11720.96,0.0,1671387.0,0.0,190154.0,494.0,86515.11
2021-03-08,0.0,53525.67,0.0,9911.029999999999,0.0,1018463.0,0.0,161821.0,344.0,58035.23
2021-03-09,0.0,38614.33,0.0,6878.83,0.0,757560.0,0.0,124349.0,301.0,48975.51
2021-03-10,0.0,39905.63,0.0,6664.97,0.0,876584.0,0.0,131546.0,342.0,54914.65
2021-03-11,0.0,52682.85,0.0,6504.05,0.0,1079645.0,0.0,135559.0,398.0,68343.94
2021-03-12,0.0,51338.98,0.0,8149.63,0.0,967814.0,0.0,150506.0,345.0,57996.11
2021-03-13,0.0,66504.56,0.0,9993.64,0.0,1204761.0,0.0,176493.0,558.0,94987.98
2021-03-14,0.0,81363.54,0.0,9433.1,0.0,1654892.0,0.0,174500.0,678.0,120282.11
2021-03-15,0.0,49908.95,0.0,8466.11,0.0,1106739.0,0.0,159661.0,350.0,63390.11
2021-03-16,0.0,45041.28,0.0,7369.57,0.0,954711.0,0.0,150539.0,281.0,50642.74
2021-03-17,0.0,38930.37,0.0,6460.900000000001,0.0,708748.0,0.0,113797.0,296.0,56084.75
2021-03-18,0.0,44146.86,0.0,7208.51,0.0,767053.0,0.0,119180.0,343.0,61027.46
2021-03-19,0.0,72233.08,0.0,10816.98,0.0,1216562.0,0.0,145126.0,499.0,90081.73
2021-03-20,0.0,102981.26,0.0,12618.099999999999,0.0,1807338.0,0.0,156555.0,711.0,125310.91
2021-03-21,0.0,92218.4,0.0,11426.36,0.0,1624863.0,0.0,146209.0,688.0,120545.62
2021-03-22,0.0,60861.44,0.0,11345.93,0.0,1251792.0,0.0,209139.0,503.0,84865.94
2021-03-23,0.0,47246.03,0.0,10613.77,0.0,1042469.0,0.0,185377.0,359.0,59301.68
2021-03-24,0.0,45506.55,0.0,10486.460000000001,0.0,992223.0,0.0,175257.0,345.0,57579.57
2021-03-25,0.0,67606.41,0.0,9329.76,0.0,1358344.0,0.0,165517.0,500.0,84849.94
2021-03-26,0.0,67455.19,0.0,7323.35,0.0,1230510.0,0.0,145193.0,397.0,69086.42
2021-03-27,0.0,77338.47,0.0,10612.400000000001,0.0,1388688.0,0.0,171225.0,509.0,91891.5
2021-03-28,0.0,93256.67,0.0,9607.15,0.0,1678983.0,0.0,158999.0,688.0,117249.04
2021-03-29,0.0,71088.87,0.0,9086.33,0.0,1348119.0,0.0,157252.0,487.0,79019.29
2021-03-30,0.0,60653.3,0.0,6646.34,0.0,1187170.0,0.0,121063.0,433.0,80032.36
2021-03-31,0.0,52049.5,0.0,8787.82,0.0,920240.0,0.0,121986.0,360.0,65285.97
2021-04-01,0.0,73088.66,0.0,6813.78,0.0,1391890.0,0.0,91902.0,461.0,78403.31999999999
2021-04-02,0.0,80025.15,0.0,8760.73,0.0,1368496.0,0.0,130460.0,496.0,90344.5
2021-04-03,0.0,75643.96,0.0,10792.47,0.0,1220884.0,0.0,142751.0,458.0,84831.81
2021-04-04,0.0,59738.53,0.0,8879.76,0.0,1007667.0,0.0,129627.0,343.0,63801.03
2021-04-05,0.0,44378.18,0.0,9028.27,0.0,1004376.0,0.0,180888.0,333.0,57815.1
2021-04-06,0.0,45907.86,0.0,8307.85,0.0,1127144.0,0.0,151332.0,357.0,64182.81
2021-04-07,0.0,60622.02,0.0,6166.46,0.0,1276906.0,0.0,104674.0,397.0,71739.45
2021-04-08,0.0,57484.21,0.0,6946.23,0.0,1196805.0,0.0,113566.0,429.0,74951.77
2021-04-09,0.0,64952.02,0.0,7020.72,0.0,1406221.0,0.0,131948.0,431.0,76842.91
2021-04-10,0.0,70284.32,0.0,7752.53,0.0,1227878.0,0.0,113272.0,543.0,102992.63
2021-04-11,0.0,81090.01,0.0,7867.61,0.0,1380772.0,0.0,112289.0,599.0,110965.7
2021-04-12,0.0,69056.65,0.0,7770.74,0.0,1675730.0,0.0,154387.0,536.0,99507.62
2021-04-13,0.0,52843.75,0.0,7522.5599999999995,0.0,1241117.0,0.0,143930.0,411.0,77181.61
2021-04-14,0.0,51852.909999999996,0.0,7475.66,0.0,1029557.0,0.0,114771.0,357.0,66329.95
2021-04-15,0.0,60807.23,0.0,6562.88,0.0,1124141.0,0.0,92754.0,387.0,71976.02
2021-04-16,0.0,64277.340000000004,0.0,5136.150000000001,0.0,1203989.0,0.0,73161.0,380.0,70768.32
2021-04-17,0.0,81168.38,0.0,4377.21,0.0,1523053.0,0.0,75520.0,510.0,94609.40000000001
2021-04-18,0.0,80479.63,0.0,3965.94,0.0,1382717.0,0.0,64520.0,455.0,85645.97
2021-04-19,0.0,51910.46,0.0,5639.19,0.0,968570.0,0.0,90199.0,325.0,61198.46
2021-04-20,0.0,46716.2,0.0,7110.29,0.0,1030415.0,0.0,120002.0,325.0,57204.48
2021-04-21,0.0,42969.659999999996,0.0,5856.63,0.0,1014249.0,0.0,102427.0,283.0,54532.409999999996
2021-04-22,0.0,49944.05,0.0,5491.75,0.0,1071935.0,0.0,91971.0,278.0,55705.38
2021-04-23,0.0,56858.520000000004,0.0,5952.650000000001,0.0,1344929.0,0.0,96241.0,346.0,65937.54000000001
2021-04-24,0.0,53904.26,0.0,6205.01,0.0,1176285.0,0.0,96025.0,358.0,66169.56
2021-04-25,0.0,70501.2,0.0,5339.32,0.0,1431459.0,0.0,84739.0,425.0,81226.52
2021-04-26,0.0,50434.71,0.0,3586.9500000000003,0.0,1181801.0,0.0,71794.0,328.0,62280.21
2021-04-27,0.0,49112.41,0.0,2879.14,0.0,1272546.0,0.0,59643.0,316.0,59076.43
2021-04-28,0.0,53233.04,0.0,3108.1899999999996,0.0,1259084.0,0.0,65633.0,331.0,59183.33
2021-04-29,0.0,73940.43000000001,0.0,4345.44,0.0,1543929.0,0.0,95295.0,460.0,89085.8
2021-04-30,0.0,73648.44,0.0,5090.85,0.0,1335993.0,0.0,102727.0,389.0,71836.78
2021-05-01,0.0,0.0,0.0,0.0,0.0,0.0,0.0,0.0,368.0,66514.92
2021-05-02,0.0,0.0,0.0,0.0,0.0,0.0,0.0,0.0,414.0,76012.84
2021-05-03,0.0,0.0,0.0,0.0,0.0,0.0,0.0,0.0,345.0,68643.28
2021-05-04,0.0,0.0,0.0,0.0,0.0,0.0,0.0,0.0,364.0,67533.9
2021-05-05,0.0,22916.67,0.0,2203.7,0.0,448658.0,0.0,48334.0,404.0,72541.77
2021-05-06,0.0,73972.52,0.0,8326.88,0.0,1575431.0,0.0,167222.0,434.0,78046.71
2021-05-07,0.0,75804.45,0.0,8544.32,0.0,1656039.0,0.0,175503.0,476.0,87696.1
2021-05-08,0.0,79810.7,0.0,6905.0599999999995,0.0,1739561.0,0.0,136020.0,492.0,97029.98
2021-05-09,0.0,76368.83,0.0,7234.21,0.0,1769936.0,0.0,173610.0,400.0,76742.09999999999
2021-05-10,0.0,53226.44,0.0,6699.54,0.0,1383254.0,0.0,172911.0,323.0,57683.57
2021-05-11,0.0,64023.73,0.0,6470.87,0.0,1680849.0,0.0,155342.0,380.0,70179.12
2021-05-12,0.0,74627.52,0.0,6547.37,0.0,1585208.0,0.0,151006.0,445.0,82223.81
2021-05-13,0.0,74522.7,0.0,6737.96,0.0,1472010.0,0.0,135430.0,471.0,83444.45
2021-05-14,0.0,69467.44,0.0,6675.37,0.0,1406893.0,0.0,121086.0,468.0,81479.13
2021-05-15,0.0,70236.95,0.0,7062.18,0.0,1493312.0,0.0,123692.0,516.0,91523.66
2021-05-16,0.0,63008.2,0.0,6594.7,0.0,1519821.0,0.0,125642.0,537.0,95038.28
2021-05-17,0.0,0.0,0.0,0.0,0.0,0.0,0.0,0.0,434.0,75897.41
2021-05-18,0.0,54955.17,0.0,7040.31,0.0,1331178.0,0.0,136077.0,385.0,69179.54
2021-05-19,0.0,55609.93,0.0,7555.39,0.0,1345378.0,0.0,150517.0,390.0,68308.23
2021-05-20,0.0,52064.13,0.0,9161.73,0.0,1260216.0,0.0,171550.0,345.0,63588.01
2021-05-21,622.49,51459.34,0.0,10006.64,12207.0,1307725.0,0.0,186483.0,330.0,57333.58
2021-05-22,1436.84,64438.65,0.0,10722.8,25729.0,1611598.0,0.0,190868.0,476.0,82538.03
2021-05-23,1457.6499999999999,53314.82,0.0,11479.3,24584.0,1336678.0,0.0,213254.0,399.0,70219.99
2021-05-24,1428.45,36360.23,0.0,11953.67,27999.0,907002.0,0.0,231634.0,246.0,43837.17
2021-05-25,1425.8100000000002,35394.44,0.0,10824.01,28676.0,906465.0,0.0,228867.0,265.0,43530.68
2021-05-26,975.61,44093.22,0.0,9653.61,19503.0,1051174.0,0.0,192483.0,293.0,51557.23
2021-05-27,0.0,42353.26,0.0,3873.5299999999997,0.0,943804.0,0.0,66340.0,354.0,62798.14
2021-05-28,1636.53,38510.82,0.0,10136.73,30807.0,807428.0,0.0,164308.0,325.0,59749.18
2021-05-29,3159.6,36279.92,0.0,11810.07,63039.0,768300.0,0.0,201253.0,333.0,61481.43
2021-05-30,3689.86,48788.2,0.0,13683.4,67447.0,1157624.0,0.0,244993.0,390.0,70694.07
2021-05-31,2694.85,57681.04,0.0,12656.69,44789.0,1417295.0,0.0,237809.0,437.0,80837.29
2021-06-01,1900.29,69681.53,0.0,13422.23,34147.0,1917708.0,0.0,303837.0,410.0,71915.57
2021-06-02,459.46999999999997,71849.08,0.0,14539.64,8607.0,1766544.0,0.0,292328.0,367.0,64334.979999999996
2021-06-03,843.09,79459.22,0.0,15107.43,10228.0,1871060.0,0.0,270994.0,418.0,77650.1
2021-06-04,249.75000000000003,79267.35,0.0,13249.66,8955.0,1880805.0,0.0,241001.0,368.0,67298.64
2021-06-05,1604.8899999999999,79968.97,0.0,14151.86,31167.0,1962919.0,0.0,253936.0,393.0,73668.01
2021-06-06,734.42,23042.19,0.0,7971.5199999999995,27045.0,509797.0,0.0,163927.0,471.0,95142.1
2021-06-07,753.68,63969.29,0.0,13729.73,28022.0,1626005.0,0.0,281729.0,306.0,56558.17
2021-06-08,955.18,58017.04,0.0,11414.77,28785.0,1421669.0,0.0,220639.0,334.0,57823.34
2021-06-09,1237.52,38383.53,0.0,8577.59,41840.0,888481.0,0.0,151628.0,226.0,40231.63
2021-06-10,1210.04,21175.52,0.0,5853.9400000000005,27968.0,494086.0,0.0,103420.0,170.0,31790.48
2021-06-11,1288.21,33873.46,0.0,5958.55,25141.0,584289.0,0.0,94345.0,177.0,32269.25
2021-06-12,1297.99,30459.96,0.0,3999.7900000000004,27153.0,465592.0,0.0,58811.0,125.0,22521.829999999998
2021-06-13,1205.82,2946.44,0.0,0.0,28561.0,40411.0,0.0,0.0,138.0,25792.06
2021-06-14,1422.8500000000001,33211.49,0.0,4695.5,41365.0,839312.0,0.0,55579.0,207.0,37017.65
2021-06-15,1228.45,41611.42,0.0,4075.7,27444.0,1020270.0,0.0,43487.0,249.0,46680.78
2021-06-16,1651.24,39204.67,0.0,2747.75,35166.0,949776.0,0.0,27911.0,246.0,43381.590000000004
2021-06-17,2176.85,50353.78,0.0,2831.49,51378.0,1168228.0,0.0,27708.0,267.0,46295.57
2021-06-18,1032.6200000000001,51023.03,0.0,2672.61,21607.0,1057308.0,0.0,25008.0,267.0,47002.16
2021-06-19,757.22,47551.65,0.0,2161.92,18377.0,1051289.0,0.0,20799.0,323.0,59050.5
2021-06-20,1305.27,58102.41,0.0,2854.01,29578.0,1259209.0,0.0,28023.0,344.0,63989.520000000004
2021-06-21,626.69,49799.89,0.0,2896.16,12334.0,1108509.0,0.0,27154.0,309.0,54429.86
2021-06-22,1432.6,56884.17,0.0,2586.11,30894.0,1238909.0,0.0,23722.0,424.0,72658.78
2021-06-23,1627.84,10741.89,0.0,1451.4299999999998,31627.0,208801.0,0.0,11816.0,411.0,70807.42
2021-06-24,0.0,0.0,0.0,0.0,0.0,0.0,0.0,0.0,430.0,76032.91
2021-06-25,0.0,0.0,0.0,0.0,0.0,0.0,0.0,0.0,476.0,77266.33
2021-06-26,0.0,0.0,0.0,0.0,0.0,0.0,0.0,0.0,542.0,94657.83
2021-06-27,1019.44,67487.64,0.0,1910.8,17287.0,1593174.0,0.0,17833.0,527.0,85405.63
2021-06-28,913.57,58794.28,0.0,2022.0700000000002,20866.0,1590036.0,0.0,20575.0,389.0,64579.94
2021-06-29,5106.0599999999995,53388.01,0.0,2160.65,125819.0,1411882.0,0.0,21132.0,400.0,66924.0
2021-06-30,6573.62,58790.5,0.0,2172.94,147268.0,1647918.0,0.0,21295.0,416.0,70238.12000000001
2021-07-01,12635.380000000001,59717.1,0.0,1974.8100000000002,287382.0,1912427.0,0.0,20195.0,491.0,86251.49
2021-07-02,19419.64,70028.37000000001,0.0,2023.0100000000002,369189.0,2180030.0,0.0,19532.0,560.0,96230.94
2021-07-03,17901.22,77165.0,0.0,1824.8700000000001,319163.0,2113983.0,0.0,16152.0,644.0,114368.88
2021-07-04,12023.92,71288.21,0.0,957.8199999999999,213734.0,1939015.0,0.0,10846.0,511.0,89819.33
2021-07-05,7461.87,65720.44,0.0,1150.02,171186.0,2158051.0,0.0,13965.0,519.0,91787.38
2021-07-06,17400.15,59349.71,0.0,2160.23,455761.0,1954018.0,0.0,21664.0,431.0,71085.96
2021-07-07,18725.91,59318.7,0.0,1688.92,414165.0,1789062.0,0.0,16542.0,461.0,78639.38
2021-07-08,19152.71,70279.63,0.0,941.82,403371.0,1934045.0,0.0,11857.0,501.0,90271.4
2021-07-09,15790.77,3884.56,0.0,0.0,336403.0,98076.0,0.0,0.0,453.0,78759.5
2021-07-10,12776.34,71526.9,0.0,1489.8500000000001,262787.0,1911190.0,0.0,15558.0,478.0,83873.23
2021-07-11,0.0,0.0,0.0,0.0,0.0,0.0,0.0,0.0,624.0,110957.62
2021-07-12,0.0,0.0,0.0,0.0,0.0,0.0,0.0,0.0,354.0,60581.520000000004
2021-07-13,0.0,0.0,0.0,0.0,0.0,0.0,0.0,0.0,366.0,63570.29
2021-07-14,10869.88,40411.44,0.0,1366.0600000000002,262582.0,1211536.0,0.0,18164.0,293.0,51730.490000000005
2021-07-15,17941.03,56561.14,0.0,1631.37,430072.0,1626324.0,0.0,19451.0,341.0,61445.88
2021-07-16,17514.64,52610.23,0.0,1328.78,336459.0,1385574.0,0.0,15208.0,381.0,66614.25
2021-07-17,12141.85,54466.21,0.0,1369.57,205348.0,1678909.0,0.0,14552.0,461.0,79042.9
2021-07-18,10852.95,67782.38,0.0,999.14,261699.0,2666445.0,0.0,12476.0,578.0,101423.72
2021-07-19,7673.1900000000005,46759.76,0.0,911.93,227543.0,2284286.0,0.0,13714.0,333.0,59411.590000000004
2021-07-20,13011.46,47623.1,0.0,1030.14,404256.0,2759951.0,0.0,14793.0,384.0,67117.84
2021-07-21,12271.57,48513.73,0.0,976.2,341179.0,2613449.0,0.0,15194.0,358.0,60653.32
2021-07-22,12447.13,44889.9,0.0,991.42,330367.0,2339912.0,0.0,15141.0,298.0,54701.1
2021-07-23,12137.14,43661.11,0.0,1009.36,371489.0,2303250.0,0.0,15664.0,324.0,58341.89
2021-07-24,13761.65,55920.42,0.0,1081.82,403084.0,2939895.0,0.0,16879.0,457.0,83863.72
2021-07-25,16208.69,61609.67,0.0,975.45,429067.0,2905140.0,0.0,16089.0,469.0,83966.54
2021-07-26,12738.93,42385.58,0.0,961.49,319758.0,1902279.0,0.0,16784.0,319.0,56840.42
2021-07-27,10804.6,41572.79,0.0,968.28,270420.0,1702480.0,0.0,16856.0,301.0,56368.4
2021-07-28,0.0,0.0,0.0,0.0,0.0,0.0,0.0,0.0,236.0,43351.12
2021-07-29,18209.85,30407.23,0.0,1261.74,400164.0,913250.0,0.0,19613.0,269.0,49068.880000000005
2021-07-30,20677.61,36991.64,0.0,1894.99,472003.0,1051096.0,0.0,24164.0,322.0,55152.18
2021-07-31,21426.91,34293.2,0.0,2092.0499999999997,487550.0,847473.0,0.0,24488.0,331.0,58466.98
2021-08-01,27381.21,34417.6,0.0,1926.59,659307.0,1082371.0,0.0,24959.0,377.0,66619.48
2021-08-02,20784.42,26143.36,0.0,1453.8200000000002,610783.0,977383.0,0.0,20480.0,304.0,52735.93
2021-08-03,21136.48,32117.72,0.0,1208.29,601390.0,1140094.0,0.0,18891.0,347.0,56352.48
2021-08-04,23688.45,30566.46,0.0,1178.3,695947.0,1177107.0,0.0,18148.0,299.0,49848.96
2021-08-05,27687.31,38747.36,0.0,971.2199999999999,871837.0,1468961.0,0.0,15026.0,401.0,65823.26
2021-08-06,27407.510000000002,31160.97,0.0,959.88,764793.0,1160543.0,0.0,15419.0,296.0,52732.07
2021-08-07,21929.51,24118.39,0.0,845.22,588388.0,1014884.0,0.0,13466.0,277.0,51329.42
2021-08-08,17065.41,24520.4,0.0,953.1700000000001,488335.0,1141677.0,0.0,15137.0,313.0,52715.55
2021-08-09,13403.3,22614.28,0.0,957.34,418580.0,1021098.0,0.0,16341.0,219.0,37310.01
2021-08-10,13042.72,24180.39,0.0,987.6800000000001,386388.0,987159.0,0.0,15905.0,220.0,35374.4
2021-08-11,12346.710000000001,20156.65,0.0,1013.46,335944.0,865143.0,0.0,15833.0,197.0,31621.16
2021-08-12,17377.24,18920.53,0.0,1198.29,468389.0,893464.0,0.0,17536.0,228.0,39164.020000000004
2021-08-13,17131.68,25490.88,0.0,1218.3400000000001,464427.0,1107181.0,0.0,17391.0,256.0,47423.29
2021-08-14,23881.31,37051.0,0.0,1259.04,588568.0,1397497.0,0.0,16795.0,356.0,63518.28
2021-08-15,20095.44,37231.95,0.0,974.58,510514.0,1313235.0,0.0,13930.0,357.0,63095.9
2021-08-16,14584.17,28749.39,0.0,960.9300000000001,406159.0,904582.0,0.0,14506.0,219.0,38304.56
2021-08-17,12142.12,24930.2,0.0,941.83,325598.0,837843.0,0.0,14142.0,204.0,35748.13
2021-08-18,10811.08,21561.79,0.0,950.36,337798.0,804238.0,0.0,15698.0,186.0,32999.51
2021-08-19,14445.09,20917.64,0.0,966.33,433340.0,749699.0,0.0,16152.0,241.0,42848.35
2021-08-20,16962.86,21836.98,0.0,971.0299999999999,462728.0,585449.0,0.0,16559.0,237.0,41948.07
2021-08-21,18647.52,20605.84,0.0,1052.2099999999998,495346.0,571597.0,0.0,16974.0,287.0,50708.97
2021-08-22,18183.96,19787.14,0.0,871.8499999999999,525938.0,614533.0,0.0,14576.0,261.0,48260.26
2021-08-23,16471.73,17615.829999999998,0.0,702.01,475515.0,562719.0,0.0,11697.0,204.0,36047.18
2021-08-24,14079.82,16438.06,0.0,723.18,376113.0,492830.0,0.0,11382.0,204.0,36896.72
2021-08-25,11017.07,15249.41,0.0,747.28,308759.0,459255.0,0.0,10574.0,173.0,29187.78
2021-08-26,13906.7,16641.739999999998,0.0,742.85,396826.0,510351.0,0.0,10665.0,203.0,36954.06
2021-08-27,17976.2,16599.52,0.0,755.26,461692.0,484721.0,0.0,9363.0,203.0,37614.5
2021-08-28,18888.71,17765.74,0.0,813.98,452092.0,521758.0,0.0,10056.0,287.0,54419.89
2021-08-29,17912.24,19494.420000000002,0.0,726.95,468661.0,572174.0,0.0,8930.0,257.0,46908.15
2021-08-30,18135.79,19592.3,0.0,654.97,483780.0,565975.0,0.0,5591.0,233.0,41957.82
2021-08-31,18016.61,18750.91,0.0,790.84,478558.0,607690.0,0.0,5636.0,219.0,38526.03
2021-09-01,16233.8,17164.24,0.0,774.68,440085.0,579882.0,0.0,9422.0,257.0,44905.92
2021-09-02,17773.25,22877.68,0.0,746.67,451104.0,601495.0,0.0,9107.0,247.0,43224.53
2021-09-03,21254.34,26693.51,0.0,773.44,542747.0,706407.0,0.0,8738.0,299.0,50954.3
2021-09-04,21991.620000000003,29394.17,0.0,756.72,510848.0,775810.0,0.0,8321.0,322.0,56945.67
2021-09-05,18963.1,29101.22,0.0,491.24,462936.0,820424.0,0.0,6174.0,317.0,53472.450000000004
2021-09-06,15682.17,28111.84,0.0,499.32,461289.0,905442.0,0.0,6209.0,307.0,54432.46
2021-09-07,11843.300000000001,21825.65,0.0,485.57,355904.0,701503.0,0.0,6941.0,241.0,40203.24
2021-09-08,10656.41,21984.13,0.0,499.04,328337.0,678935.0,0.0,7022.0,217.0,36273.96
2021-09-09,14341.74,26458.43,0.0,516.43,423571.0,753949.0,0.0,6641.0,268.0,43689.659999999996
2021-09-10,16517.72,29764.19,0.0,1448.48,445888.0,778536.0,0.0,13595.0,301.0,49101.84
2021-09-11,20555.55,42128.38,0.0,1534.1000000000001,519349.0,1120928.0,0.0,16044.0,467.0,74763.83
2021-09-12,24843.61,40415.47,0.0,1489.75,609670.0,1083272.0,0.0,16120.0,540.0,85968.12
2021-09-13,17708.17,34607.28,0.0,1666.29,441373.0,1015866.0,0.0,17712.0,368.0,59871.24
2021-09-14,13135.75,27292.43,0.0,1232.09,310365.0,834127.0,0.0,13522.0,255.0,39418.049999999996
2021-09-15,11529.92,22127.33,0.0,1239.78,299430.0,679182.0,0.0,14318.0,287.0,48861.2
2021-09-16,16809.93,30103.41,0.0,1252.29,428634.0,835328.0,0.0,13722.0,341.0,54917.28
2021-09-17,17990.35,35936.07,0.0,1277.82,422651.0,932314.0,0.0,13430.0,355.0,57177.96
2021-09-18,26487.74,47851.52,0.0,1205.54,626801.0,1285046.0,0.0,12939.0,519.0,84033.45999999999
2021-09-19,28526.66,44579.549999999996,0.0,727.42,677711.0,1435195.0,0.0,8958.0,498.0,86021.51
2021-09-20,20885.31,34224.13,0.0,728.46,519768.0,1061658.0,0.0,9660.0,354.0,61100.340000000004
2021-09-21,15673.300000000001,27727.84,0.0,750.59,365793.0,772908.0,0.0,9270.0,323.0,54986.26
2021-09-22,15136.9,28354.280000000002,0.0,776.05,373458.0,777728.0,0.0,9303.0,319.0,55931.85
2021-09-23,21085.63,39598.79,0.0,755.52,506180.0,1003472.0,0.0,8947.0,310.0,53003.39
2021-09-24,21681.13,38612.14,0.0,755.62,498122.0,920865.0,0.0,8713.0,355.0,62608.37
2021-09-25,24648.63,44520.04,0.0,756.35,582275.0,1083076.0,0.0,9281.0,400.0,71580.85
2021-09-26,26130.420000000002,44125.88,0.0,729.43,613553.0,1109903.0,0.0,8567.0,413.0,75403.23
2021-09-27,20360.7,2881.42,0.0,243.43,507123.0,72404.0,0.0,3343.0,114.0,24210.58
2021-09-28,18006.66,3040.97,0.0,252.98000000000002,475890.0,76854.0,0.0,3284.0,102.0,19751.99
2021-09-29,13974.79,3133.1800000000003,0.0,244.01999999999998,376048.0,92251.0,0.0,3589.0,82.0,16821.41
2021-09-30,21149.28,5633.83,0.0,246.80999999999997,573919.0,168955.0,0.0,3821.0,121.0,24492.02
2021-10-01,24013.52,7571.17,0.0,251.12,633183.0,216663.0,0.0,3975.0,142.0,29339.27
2021-10-02,33174.81,7837.15,0.0,263.32,847575.0,224374.0,0.0,3924.0,188.0,37493.49
2021-10-03,35342.45,5326.4,0.0,266.14,898600.0,168435.0,0.0,3865.0,231.0,45388.68
2021-10-04,26997.25,3450.75,0.0,237.79000000000002,778733.0,102759.0,0.0,3552.0,153.0,30493.81
2021-10-05,30902.51,3505.2200000000003,0.0,256.49,853232.0,102732.0,0.0,3450.0,190.0,34364.89
2021-10-06,35434.14,1667.8999999999999,0.0,255.72,919515.0,47124.0,0.0,3469.0,187.0,33320.59
2021-10-07,39621.09,1465.1299999999999,0.0,229.56,998297.0,43380.0,0.0,2886.0,202.0,34788.09
2021-10-08,36240.72,1406.34,0.0,250.69,917693.0,44887.0,0.0,3175.0,186.0,31646.03
2021-10-09,37494.63,3079.5099999999998,0.0,253.62,975686.0,89626.0,0.0,3062.0,229.0,40462.4
2021-10-10,37439.16,2748.36,0.0,241.37,955248.0,74057.0,0.0,2922.0,196.0,33272.159999999996
2021-10-11,30010.33,963.19,0.0,242.49,779875.0,23976.0,0.0,3777.0,155.0,27293.760000000002
2021-10-12,27192.11,997.23,0.0,237.06,755064.0,38427.0,0.0,3544.0,133.0,24165.89
2021-10-13,26090.28,974.44,0.0,265.03999999999996,637929.0,31274.0,0.0,3783.0,148.0,26904.190000000002
2021-10-14,38984.88,2902.74,0.0,265.45,980713.0,68616.0,0.0,3505.0,210.0,35688.78
2021-10-15,42508.4,4341.66,0.0,249.48999999999998,1075337.0,100160.0,0.0,3338.0,255.0,41190.59
2021-10-16,46044.8,7171.28,0.0,249.09,1036136.0,144218.0,0.0,3164.0,318.0,55266.07
2021-10-17,48304.94,8169.84,0.0,262.52000000000004,1083006.0,158134.0,0.0,3693.0,284.0,47428.01
2021-10-18,30923.44,5833.81,0.0,244.76,774870.0,123627.0,0.0,3991.0,202.0,32748.67
2021-10-19,27564.37,5358.93,0.0,254.28,715671.0,107969.0,0.0,3679.0,184.0,30392.2
2021-10-20,25376.81,4995.0,0.0,240.32999999999998,681963.0,106731.0,0.0,3461.0,164.0,29193.43
2021-10-21,29753.22,12159.1,0.0,245.73000000000002,748517.0,284729.0,0.0,3513.0,197.0,33454.32
2021-10-22,21548.96,15357.05,0.0,247.73,575107.0,361214.0,0.0,3346.0,194.0,35569.79
2021-10-23,31651.11,18310.15,0.0,254.67000000000002,742253.0,366675.0,0.0,3933.0,299.0,52511.69
2021-10-24,31421.91,15483.68,0.0,240.07,780069.0,316211.0,0.0,3780.0,288.0,46128.19
2021-10-25,21545.54,11177.02,0.0,249.9,479219.0,239837.0,0.0,4112.0,183.0,29596.8
2021-10-26,20816.36,11621.9,0.0,256.21000000000004,473663.0,259894.0,0.0,3625.0,191.0,34371.73
2021-10-27,17756.329999999998,9454.45,0.0,249.17999999999998,405471.0,232203.0,0.0,3516.0,140.0,25288.37
2021-10-28,22145.69,12869.11,0.0,243.4,558575.0,314527.0,0.0,3434.0,197.0,30868.11
2021-10-29,31202.42,14701.380000000001,0.0,254.35,768134.0,310859.0,0.0,3552.0,241.0,38565.11
2021-10-30,38759.46,20830.15,0.0,256.9,879897.0,403380.0,0.0,3404.0,358.0,60670.85
2021-10-31,36828.93,18476.14,0.0,258.84,913555.0,376194.0,0.0,3888.0,304.0,50292.71
2021-11-01,24213.44,8172.96,0.0,254.48999999999998,617237.0,172449.0,0.0,4000.0,182.0,30388.03
2021-11-02,23831.9,9978.83,0.0,248.02000000000004,592969.0,199577.0,0.0,3874.0,204.0,35006.22
2021-11-03,22076.13,8108.24,0.0,250.83,538947.0,149972.0,0.0,3663.0,204.0,32297.12
2021-11-04,18600.14,10761.19,0.0,253.25,432200.0,191466.0,0.0,3508.0,207.0,30802.64
2021-11-05,32627.8,14344.66,0.0,238.01,833522.0,243609.0,0.0,3406.0,318.0,48743.1
2021-11-06,38052.81,15473.51,0.0,246.55,893879.0,240977.0,0.0,2922.0,371.0,56367.9
2021-11-07,45613.37,6008.83,0.0,256.99,1041444.0,87474.0,0.0,3269.0,288.0,50346.56
2021-11-08,30701.260000000002,707.03,0.0,249.08,733676.0,14133.0,0.0,3752.0,175.0,32397.87
2021-11-09,24622.49,913.64,0.0,242.48,546013.0,19254.0,0.0,3591.0,146.0,24684.989999999998
2021-11-10,23418.68,1748.52,0.0,242.33,544504.0,50624.0,0.0,3110.0,130.0,23398.76
2021-11-11,26460.98,1881.8500000000001,0.0,248.37999999999997,632050.0,69920.0,0.0,3489.0,176.0,29028.45
2021-11-12,31628.350000000002,1940.29,0.0,249.05999999999997,725250.0,67791.0,0.0,3535.0,178.0,33024.49
2021-11-13,40168.46,1993.73,0.0,261.69,855758.0,65400.0,0.0,3233.0,217.0,38693.67
2021-11-14,39567.81,1737.5,0.0,246.13000000000002,843978.0,64563.0,0.0,2845.0,218.0,40060.659999999996
2021-11-15,30118.13,1820.73,0.0,246.15,663937.0,64111.0,0.0,3676.0,137.0,25421.64
2021-11-16,28381.72,1827.77,0.0,250.91000000000003,584383.0,61312.0,0.0,3504.0,175.0,31609.3
2021-11-17,27171.989999999998,1717.03,0.0,190.6,568604.0,47557.0,0.0,2759.0,171.0,29501.33
2021-11-18,28636.52,1579.2,0.0,0.0,609120.0,34335.0,0.0,0.0,181.0,28095.21
2021-11-19,26642.95,1496.0900000000001,0.0,0.0,570918.0,30168.0,0.0,0.0,190.0,27243.670000000002
2021-11-20,30637.87,1604.29,0.0,0.0,685220.0,27153.0,0.0,0.0,209.0,33057.43
2021-11-21,35814.06,1418.25,0.0,0.0,800673.0,23917.0,0.0,0.0,228.0,36703.54
2021-11-22,42716.43,1201.78,0.0,282.69,901044.0,31384.0,0.0,3234.0,214.0,35419.56
2021-11-23,32637.85,824.4,0.0,285.93,606186.0,18296.0,0.0,3060.0,162.0,26631.489999999998
2021-11-24,14769.12,181.6,0.0,873.75,286094.0,2860.0,0.0,6827.0,81.0,15275.48
2021-11-25,12763.04,0.0,0.0,877.94,269698.0,0.0,0.0,7600.0,59.0,11344.41
2021-11-26,11675.6,731.02,0.0,4705.17,265621.0,12730.0,0.0,46803.0,80.0,14023.86
2021-11-27,14352.57,689.9200000000001,0.0,5284.28,325598.0,13153.0,0.0,64100.0,103.0,18302.23
2021-11-28,25225.23,787.79,0.0,5701.0199999999995,484544.0,11432.0,0.0,70161.0,162.0,28178.36
2021-11-29,21729.91,1133.19,0.0,5918.57,384633.0,12785.0,0.0,62097.0,116.0,18690.14
2021-11-30,26483.03,133.33999999999997,0.0,405.07,485192.0,1512.0,0.0,3986.0,149.0,26212.350000000002
2021-12-01,24079.41,0.0,0.0,242.0,484763.0,0.0,0.0,2083.0,128.0,22177.67
2021-12-02,30007.43,0.0,0.0,258.90999999999997,616536.0,0.0,0.0,1766.0,192.0,31874.77
2021-12-03,23818.86,1369.2,0.0,250.81,479739.0,28953.0,0.0,2095.0,124.0,20549.67
2021-12-04,24325.69,512.15,0.0,242.54,485891.0,9935.0,0.0,2444.0,139.0,25002.04
2021-12-05,21618.6,0.0,0.0,251.71000000000004,469857.0,0.0,0.0,2667.0,138.0,24085.79
2021-12-06,16030.94,0.0,0.0,252.79999999999998,397395.0,0.0,0.0,2905.0,104.0,16887.91
2021-12-07,18989.58,0.0,0.0,229.73999999999998,500634.0,0.0,0.0,2008.0,62.0,10913.93
2021-12-08,23558.63,0.0,0.0,260.03999999999996,582264.0,0.0,0.0,2739.0,136.0,24228.06
2021-12-09,29462.46,4186.79,0.0,251.37000000000003,733817.0,85423.0,0.0,2804.0,153.0,25356.61
2021-12-10,25467.649999999998,4437.1,0.0,255.68,640111.0,78553.0,0.0,2802.0,152.0,26592.86
2021-12-11,27942.34,3859.7400000000002,0.0,248.67,649574.0,72840.0,0.0,2601.0,158.0,27123.91
2021-12-12,19834.96,1300.78,0.0,251.66,441779.0,22209.0,0.0,2881.0,121.0,20733.26
2021-12-13,14356.11,45.87,0.0,251.32,307034.0,1003.0,0.0,2926.0,81.0,12411.49
2021-12-14,13897.84,264.91,0.0,255.87,285038.0,7444.0,0.0,2635.0,87.0,13803.55
2021-12-15,13538.78,264.65,0.0,249.39,314768.0,7758.0,0.0,2740.0,76.0,11786.34
2021-12-16,16772.95,264.57,0.0,245.13,383523.0,7074.0,0.0,2763.0,92.0,13882.89
2021-12-17,13724.31,273.06,0.0,244.98,301382.0,6335.0,0.0,2666.0,69.0,12132.59
2021-12-18,15225.26,277.03000000000003,0.0,251.63,356208.0,7756.0,0.0,2851.0,98.0,16652.27
2021-12-19,17319.59,253.26,0.0,242.39999999999998,430200.0,7855.0,0.0,2929.0,105.0,17971.19
2021-12-20,14275.62,248.23000000000002,0.0,254.85,368768.0,7732.0,0.0,3264.0,62.0,10123.69
2021-12-21,10404.16,242.93,0.0,253.76,289542.0,7594.0,0.0,3045.0,40.0,6392.44
2021-12-22,6467.73,248.70999999999998,0.0,252.41,186076.0,8728.0,0.0,3136.0,29.0,5020.9
2021-12-23,5486.24,248.57,0.0,246.56,158618.0,7506.0,0.0,2872.0,29.0,4602.4400000000005
2021-12-24,4440.42,247.22,0.0,244.33999999999997,172743.0,8693.0,0.0,3081.0,21.0,3437.2999999999997
2021-12-25,1890.78,261.07,0.0,5.1499999999999995,84450.0,10332.0,0.0,72.0,18.0,2133.65
2021-12-26,2117.8,244.22000000000003,0.0,0.0,76237.0,9195.0,0.0,0.0,24.0,3751.5799999999995
2021-12-27,8019.84,269.77,0.0,0.0,260467.0,9711.0,0.0,0.0,68.0,9698.28
2021-12-28,8282.52,458.92,0.0,0.0,259005.0,18180.0,0.0,0.0,65.0,9212.34
2021-12-29,0.0,0.0,0.0,0.0,0.0,0.0,0.0,0.0,1.0,61.95
2021-12-30,0.0,0.0,0.0,0.0,0.0,0.0,0.0,0.0,0.0,0.0
2021-12-31,0.0,0.0,0.0,0.0,0.0,0.0,0.0,0.0,2.0,387.0
2022-01-01,0.0,0.0,0.0,0.0,0.0,0.0,0.0,0.0,0.0,0.0
2022-01-02,0.0,0.0,0.0,0.0,0.0,0.0,0.0,0.0,0.0,0.0
2022-01-03,0.0,0.0,0.0,0.0,0.0,0.0,0.0,0.0,0.0,0.0
2022-01-04,0.0,0.0,0.0,0.0,0.0,0.0,0.0,0.0,1.0,139.0
2022-01-05,0.0,0.0,0.0,0.0,0.0,0.0,0.0,0.0,0.0,0.0
2022-01-06,0.0,0.0,0.0,0.0,0.0,0.0,0.0,0.0,0.0,0.0
2022-01-07,0.0,0.0,0.0,0.0,0.0,0.0,0.0,0.0,0.0,0.0
2022-01-08,0.0,0.0,0.0,0.0,0.0,0.0,0.0,0.0,0.0,0.0
2022-01-09,0.0,0.0,0.0,0.0,0.0,0.0,0.0,0.0,0.0,0.0
2022-01-10,0.0,0.0,0.0,0.0,0.0,0.0,0.0,0.0,1.0,239.7
2022-01-11,0.79,0.0,0.0,3.6300000000000003,32.0,0.0,0.0,25.0,0.0,0.0
2022-01-12,8887.35,0.0,0.0,0.0,367169.0,0.0,0.0,0.0,57.0,9786.11
2022-01-13,19869.4,0.0,0.0,0.0,564960.0,0.0,0.0,0.0,104.0,16921.760000000002
2022-01-14,29186.76,0.0,0.0,0.0,683122.0,0.0,0.0,0.0,130.0,23333.72
2022-01-15,39924.92,0.0,0.0,0.0,1027710.0,0.0,0.0,0.0,187.0,33763.18
2022-01-16,47146.28,0.0,0.0,0.0,1309307.0,0.0,0.0,0.0,237.0,41769.6
2022-01-17,39188.48,0.0,0.0,0.0,1024663.0,0.0,0.0,0.0,188.0,34465.19
2022-01-18,27566.12,0.0,0.0,0.0,661881.0,0.0,0.0,0.0,131.0,24173.28
2022-01-19,26058.86,0.0,0.0,0.0,667716.0,0.0,0.0,0.0,109.0,21019.71
2022-01-20,31931.92,0.0,0.0,0.0,796359.0,0.0,0.0,0.0,150.0,25107.08
2022-01-21,33152.2,0.0,0.0,0.0,824743.0,0.0,0.0,0.0,153.0,28496.84
2022-01-22,44835.96,0.0,0.0,0.0,995384.0,0.0,0.0,0.0,243.0,45641.4
2022-01-23,40437.880000000005,0.0,0.0,0.0,881545.0,0.0,0.0,0.0,235.0,43466.71
2022-01-24,28299.579999999998,0.0,0.0,0.0,663638.0,0.0,0.0,0.0,169.0,30740.13
2022-01-25,32696.260000000002,0.0,0.0,0.0,874173.0,0.0,0.0,0.0,161.0,29461.37
2022-01-26,34178.16,0.0,0.0,0.0,909105.0,0.0,0.0,0.0,153.0,28078.13
2022-01-27,44188.82,0.0,0.0,0.0,1148664.0,0.0,0.0,0.0,209.0,37816.43
2022-01-28,57009.840000000004,0.0,0.0,0.0,1465537.0,0.0,0.0,0.0,222.0,38275.69
2022-01-29,71820.92,0.0,0.0,0.0,2087671.0,0.0,0.0,0.0,366.0,68642.9
2022-01-30,66446.71,0.0,0.0,0.0,2151797.0,0.0,0.0,0.0,379.0,69976.58
2022-01-31,43672.67,0.0,0.0,0.0,1533820.0,0.0,0.0,0.0,202.0,36681.21
2022-02-01,33172.69,0.0,0.0,0.0,976858.0,0.0,0.0,0.0,160.0,28337.31
2022-02-02,21894.4,0.0,0.0,0.0,559304.0,0.0,0.0,0.0,136.0,24094.8
2022-02-03,37560.76,0.0,0.0,0.0,1201247.0,0.0,0.0,0.0,181.0,37021.35
2022-02-04,41665.99,0.0,0.0,0.0,1351512.0,0.0,0.0,0.0,208.0,40236.14
2022-02-05,70945.15,0.0,0.0,0.0,1918443.0,0.0,0.0,0.0,331.0,62918.04
2022-02-06,53264.02,0.0,0.0,0.0,1302584.0,0.0,0.0,0.0,311.0,58409.37
2022-02-07,38407.32,0.0,0.0,0.0,993789.0,0.0,0.0,0.0,209.0,37535.67
2022-02-08,31532.1,0.0,0.0,0.0,808019.0,0.0,0.0,0.0,161.0,30024.66
2022-02-09,28538.18,0.0,0.0,0.0,804062.0,0.0,0.0,0.0,178.0,32957.729999999996
2022-02-10,47177.24,0.0,134.24,0.0,1376042.0,0.0,2120.0,0.0,214.0,38791.62
2022-02-11,56780.32,0.0,480.66999999999996,0.0,1696648.0,0.0,10850.0,0.0,237.0,44573.67
2022-02-12,48210.729999999996,0.0,497.23,0.0,1683834.0,0.0,13204.0,0.0,251.0,45292.64
2022-02-13,42306.65,0.0,506.59999999999997,0.0,1115138.0,0.0,13672.0,0.0,257.0,47381.58
2022-02-14,32315.89,0.0,532.86,0.0,947668.0,0.0,16872.0,0.0,172.0,31781.32
2022-02-15,22924.13,0.0,1340.36,0.0,740641.0,0.0,53229.0,0.0,156.0,26214.31
2022-02-16,23616.1,0.0,1862.7,0.0,729682.0,0.0,65453.0,0.0,196.0,35006.56
2022-02-17,36619.7,0.0,2541.62,0.0,1039423.0,0.0,80252.0,0.0,216.0,37935.44
2022-02-18,49292.079999999994,0.0,3390.19,0.0,1249991.0,0.0,115552.0,0.0,253.0,44414.92
2022-02-19,55845.98,0.0,3812.43,0.0,1496859.0,0.0,113038.0,0.0,351.0,59895.41
2022-02-20,46264.67,0.0,4836.41,0.0,1194273.0,0.0,125543.0,0.0,292.0,53573.39
2022-02-21,38625.8,0.0,4665.04,0.0,991842.0,0.0,126741.0,0.0,226.0,42058.95
2022-02-22,34363.8,0.0,4026.12,0.0,832939.0,0.0,144911.0,0.0,185.0,31618.46
2022-02-23,32034.65,0.0,3005.04,0.0,806556.0,0.0,113014.0,0.0,167.0,28758.94
2022-02-24,52186.35,0.0,3187.74,0.0,1270844.0,0.0,122922.0,0.0,243.0,43590.24
2022-02-25,54511.47,0.0,3975.4500000000003,0.0,1305908.0,0.0,132679.0,0.0,308.0,54174.5
2022-02-26,89065.59,0.0,4784.1900000000005,0.0,2076448.0,0.0,125427.0,0.0,470.0,82092.33
2022-02-27,81024.24,0.0,6069.7,0.0,1887761.0,0.0,162487.0,0.0,476.0,84869.75
2022-02-28,51056.72,0.0,6101.2699999999995,0.0,1261144.0,0.0,167794.0,0.0,296.0,52682.12
2022-03-01,37606.14,0.0,4186.75,0.0,995314.0,0.0,143023.0,0.0,238.0,43695.01
2022-03-02,41025.49,0.0,3913.5899999999997,0.0,1069715.0,0.0,152106.0,0.0,262.0,47217.94
2022-03-03,65053.86,0.0,5503.7699999999995,0.0,1629886.0,0.0,233368.0,0.0,399.0,76488.25
2022-03-04,91062.99,0.0,7021.28,0.0,2128531.0,0.0,243992.0,0.0,438.0,79678.31
2022-03-05,94566.95,0.0,7185.33,0.0,2247767.0,0.0,191099.0,0.0,577.0,110497.94
2022-03-06,80180.14,0.0,6373.83,0.0,1938401.0,0.0,177108.0,0.0,495.0,95120.14
2022-03-07,62052.99,0.0,5702.3,0.0,1340882.0,0.0,196082.0,0.0,378.0,70084.32
2022-03-08,50467.84,0.0,5359.8,0.0,1080420.0,0.0,192678.0,0.0,322.0,58654.05
2022-03-09,48923.38,0.0,5359.04,0.0,1200985.0,0.0,167497.0,0.0,313.0,55033.16
2022-03-10,72423.42,0.0,6249.9800000000005,0.0,1729484.0,0.0,205464.0,0.0,421.0,75672.66
2022-03-11,76158.87,0.0,6108.389999999999,0.0,1876074.0,0.0,203315.0,0.0,400.0,71288.46
2022-03-12,81441.42,0.0,5676.5,0.0,1845207.0,0.0,178591.0,0.0,493.0,89044.25
2022-03-13,83927.47,0.0,4464.4,0.0,1838852.0,0.0,141586.0,0.0,429.0,80123.45
2022-03-14,58142.63,0.0,2369.0099999999998,0.0,1346270.0,0.0,56015.0,0.0,293.0,52090.270000000004
2022-03-15,52512.68,0.0,1654.45,0.0,1214402.0,0.0,33502.0,0.0,266.0,49659.88
2022-03-16,51157.57,0.0,1561.3,0.0,1258997.0,0.0,36697.0,0.0,262.0,47285.99
2022-03-17,56775.1,0.0,1934.7300000000002,0.0,1508730.0,0.0,45385.0,0.0,275.0,50007.86
2022-03-18,53477.6,0.0,2279.58,0.0,1487241.0,0.0,54847.0,0.0,265.0,45008.12
2022-03-19,60267.55,0.0,3011.59,0.0,1463120.0,0.0,60646.0,0.0,374.0,64307.45
2022-03-20,60728.049999999996,0.0,3265.65,0.0,1343788.0,0.0,58616.0,0.0,370.0,66891.34
2022-03-21,50707.47,0.0,2484.48,0.0,1209197.0,0.0,55984.0,0.0,252.0,45822.71
2022-03-22,40723.68,0.0,3473.54,0.0,1022613.0,0.0,73983.0,0.0,278.0,52028.67
2022-03-23,44735.159999999996,0.0,3239.0099999999998,0.0,1096238.0,0.0,70508.0,0.0,247.0,44429.57
2022-03-24,61937.49,0.0,3564.85,0.0,1509759.0,0.0,71947.0,0.0,417.0,68616.39
2022-03-25,79499.29,0.0,3402.0499999999997,0.0,1946578.0,0.0,63326.0,0.0,543.0,90742.09
2022-03-26,102004.12,0.0,3904.18,0.0,2444197.0,0.0,76648.0,0.0,686.0,119979.75
2022-03-27,102715.54,0.0,4465.61,0.0,2468027.0,0.0,81079.0,0.0,651.0,110713.58
2022-03-28,70337.57,0.0,3567.78,0.0,1849605.0,0.0,74477.0,0.0,411.0,73570.31
2022-03-29,59645.68,0.0,2780.93,0.0,1532172.0,0.0,58227.0,0.0,382.0,68507.89
2022-03-30,57928.18,0.0,2223.7999999999997,0.0,1434025.0,0.0,47486.0,0.0,376.0,63338.29
2022-03-31,72079.46,0.0,2259.3900000000003,0.0,1711196.0,0.0,45016.0,0.0,426.0,71787.55
2022-04-01,75921.41,0.0,2491.02,0.0,1763036.0,0.0,54379.0,0.0,368.0,63840.84
2022-04-02,61950.87,0.0,2215.58,0.0,1317133.0,0.0,42571.0,0.0,365.0,63336.97
2022-04-03,55103.11,0.0,1790.41,0.0,1266831.0,0.0,38639.0,0.0,315.0,53835.119999999995
2022-04-04,52161.88,0.0,1531.19,0.0,1393777.0,0.0,37706.0,0.0,276.0,47490.15
2022-04-05,51334.18,0.0,1468.94,0.0,1373374.0,0.0,35787.0,0.0,264.0,45456.45
2022-04-06,47476.61,0.0,1418.19,0.0,1152769.0,0.0,33890.0,0.0,264.0,46874.19
2022-04-07,51265.32,1.49,1451.88,0.0,1149214.0,22.0,35124.0,0.0,287.0,53651.6
2022-04-08,65896.34,1.58,3231.3,0.0,1399694.0,17.0,62958.0,0.0,311.0,51661.7
2022-04-09,72805.45,3.19,3057.23,0.0,1650332.0,113.0,57886.0,0.0,385.0,63677.87
2022-04-10,56797.27,3.13,2905.42,0.0,1357209.0,104.0,58614.0,0.0,311.0,53675.55
2022-04-11,41232.01,3.04,2538.33,0.0,993334.0,97.0,55250.0,0.0,218.0,38921.590000000004
2022-04-12,37332.48,3.12,2371.06,0.0,983371.0,94.0,48202.0,0.0,237.0,40422.58
2022-04-13,34013.3,2.86,2286.35,0.0,858890.0,90.0,49093.0,0.0,235.0,40356.34
2022-04-14,49077.27,0.85,2006.7600000000002,0.0,1182047.0,29.0,57821.0,0.0,246.0,43395.96
2022-04-15,52563.37,3.38,1998.0800000000002,0.0,1250138.0,112.0,60823.0,0.0,299.0,52769.12
2022-04-16,56944.99,3.48,2137.73,0.0,1472380.0,97.0,59535.0,0.0,315.0,53082.61
2022-04-17,58344.87,3.14,2265.98,0.0,1530086.0,99.0,66060.0,0.0,288.0,51621.67
2022-04-18,54508.01,3.07,2222.13,0.0,1401917.0,108.0,73346.0,0.0,316.0,54178.49
2022-04-19,50212.39,1.07,2187.69,0.0,1337340.0,28.0,64241.0,0.0,338.0,60264.96
2022-04-20,60898.19,3.25,2529.96,0.0,1637255.0,136.0,72351.0,0.0,349.0,61226.78
2022-04-21,83684.9,3.41,2462.56,0.0,2331877.0,104.0,68746.0,0.0,504.0,88180.08
2022-04-22,93862.3,3.4,2340.03,0.0,2515408.0,108.0,67808.0,0.0,576.0,100861.91
2022-04-23,103552.73,3.36,2153.56,0.0,2584972.0,110.0,60155.0,0.0,598.0,104964.84
2022-04-24,113284.37,3.26,2592.41,0.0,2896223.0,79.0,72910.0,0.0,665.0,114034.06
2022-04-25,86276.65,3.19,2206.14,0.0,2103848.0,92.0,74520.0,0.0,480.0,80439.56
2022-04-26,71596.29,3.32,2688.45,0.0,1884618.0,56.0,84729.0,0.0,425.0,74992.5
2022-04-27,74190.02,2.9,2585.62,0.0,1950496.0,71.0,81157.0,0.0,406.0,74808.03
2022-04-28,76206.12,2.71,3112.51,0.0,1784962.0,80.0,94396.0,0.0,392.0,68993.68
2022-04-29,78080.93,2.87,2953.04,0.0,1659927.0,56.0,91945.0,0.0,352.0,62517.93
2022-04-30,80760.45,2.62,3166.05,0.0,1847178.0,95.0,89048.0,0.0,415.0,78815.71
2022-05-01,81542.69,3.25,3229.57,0.0,1922379.0,80.0,96167.0,0.0,464.0,84970.06
2022-05-02,74512.43,2.5900000000000003,2474.08,0.0,1682808.0,89.0,96351.0,0.0,447.0,82379.65
2022-05-03,72484.07,2.85,2705.7200000000003,0.0,1659435.0,86.0,96010.0,0.0,366.0,66216.84
2022-05-04,75340.67,3.0100000000000002,2949.4,0.0,1809239.0,81.0,90737.0,0.0,360.0,67260.61
2022-05-05,78498.78,3.0700000000000003,3029.75,0.0,1955033.0,109.0,81281.0,0.0,395.0,70860.89
2022-05-06,88825.51,3.15,3302.82,0.0,2012195.0,85.0,90024.0,0.0,430.0,72383.79
2022-05-07,93718.41,3.0,3361.41,0.0,2074383.0,150.0,86199.0,0.0,523.0,92629.14
2022-05-08,77835.6,3.0300000000000002,2709.91,0.0,1835186.0,101.0,83595.0,0.0,377.0,72067.98
2022-05-09,73506.33,3.13,2366.6,0.0,1845784.0,156.0,87745.0,0.0,412.0,75936.26
2022-05-10,88133.65,3.21,2443.17,0.0,2139856.0,91.0,78944.0,0.0,551.0,98958.68000000001
2022-05-11,96773.18000000001,2.9,2549.53,0.0,2250980.0,105.0,83247.0,0.0,521.0,95253.65
2022-05-12,103491.99,2.92,2510.81,0.0,2368985.0,93.0,79751.0,0.0,519.0,94512.12
2022-05-13,111426.15,2.8000000000000003,2563.62,0.0,2399847.0,90.0,79894.0,0.0,568.0,105382.33
2022-05-14,117572.87,2.95,2659.12,0.0,2520090.0,78.0,82118.0,0.0,584.0,108769.97
2022-05-15,131480.24,3.09,2757.78,0.0,2739412.0,103.0,85461.0,0.0,711.0,137021.91
2022-05-16,104617.43,3.2,2652.91,0.0,1848265.0,90.0,95602.0,0.0,466.0,87387.87
2022-05-17,79002.53,3.4299999999999997,2038.71,0.0,1445765.0,106.0,53029.0,0.0,329.0,62340.79
2022-05-18,66832.95,2.9899999999999998,1438.69,0.0,1389333.0,88.0,24746.0,0.0,282.0,59757.33
2022-05-19,75936.42,2.8,1430.52,0.0,1547234.0,57.0,23599.0,0.0,343.0,66238.34
2022-05-20,89783.26,2.3000000000000003,869.4399999999999,0.0,1754119.0,55.0,15032.0,0.0,388.0,75138.61
2022-05-21,99007.44,0.0,702.16,0.0,1876406.0,0.0,10985.0,0.0,495.0,95720.19
2022-05-22,96914.84,0.0,822.34,0.0,1927498.0,0.0,15089.0,0.0,519.0,100249.02
2022-05-23,106345.18,0.0,1352.13,0.0,2466094.0,0.0,31688.0,0.0,483.0,90662.34999999999
2022-05-24,84295.26,0.0,1332.49,0.0,2041809.0,0.0,33665.0,0.0,465.0,88230.71
2022-05-25,59633.75,0.0,1001.07,0.0,1638784.0,0.0,27771.0,0.0,303.0,52762.13
2022-05-26,52419.62,0.0,436.43,0.0,1386271.0,0.0,10918.0,0.0,282.0,53507.52
2022-05-27,50297.44,0.0,388.11999999999995,0.0,1370991.0,0.0,8093.0,0.0,242.0,44519.24
2022-05-28,48373.88,0.0,418.76,0.0,1204518.0,0.0,7405.0,0.0,249.0,46365.03
2022-05-29,46991.6,0.0,1051.18,0.0,966088.0,0.0,16649.0,0.0,215.0,41257.07
2022-05-30,42005.82,0.0,1026.58,0.0,966353.0,0.0,17554.0,0.0,234.0,45535.16
2022-05-31,46176.12,0.0,826.5,0.0,1220818.0,0.0,18104.0,0.0,201.0,41215.98
2022-06-01,55432.18,0.0,1028.95,0.0,1387997.0,0.0,47625.0,0.0,249.0,45657.31
2022-06-02,72443.32,0.0,1474.06,0.0,1595749.0,0.0,67440.0,0.0,360.0,62977.82
2022-06-03,83393.0,0.0,1655.07,0.0,1857492.0,0.0,61555.0,0.0,404.0,68435.86
2022-06-04,97296.81,0.0,1498.8600000000001,0.0,2080262.0,0.0,51341.0,0.0,507.0,86178.40000000001
2022-06-05,96880.81,0.0,1600.95,0.0,2019480.0,0.0,52068.0,0.0,509.0,90263.27
2022-06-06,68658.74,0.0,1428.13,0.0,1540276.0,0.0,56937.0,0.0,321.0,52373.98
2022-06-07,73441.7,0.0,1709.83,0.0,1693107.0,0.0,60316.0,0.0,372.0,65333.2
2022-06-08,69690.18,0.0,2355.55,0.0,1504553.0,0.0,65038.0,0.0,348.0,61655.6
2022-06-09,61036.1,0.0,2206.42,0.0,1223246.0,0.0,56915.0,0.0,312.0,50348.88
2022-06-10,67880.87,0.0,2132.14,0.0,1310752.0,0.0,54171.0,0.0,334.0,58215.1
2022-06-11,66784.03,0.0,2098.41,0.0,1343225.0,0.0,51352.0,0.0,372.0,67497.58
2022-06-12,56413.96,0.0,2228.73,0.0,1078201.0,0.0,55611.0,0.0,355.0,49026.76
2022-06-13,48927.05,0.0,1835.66,0.0,1028320.0,0.0,52473.0,0.0,219.0,35208.55
2022-06-14,43089.36,0.0,1900.77,0.0,907951.0,0.0,54046.0,0.0,238.0,38065.15
2022-06-15,49542.46,0.0,1801.3,0.0,1027833.0,0.0,49595.0,0.0,223.0,37008.44
2022-06-16,43349.87,0.0,1677.52,0.0,781245.0,0.0,41051.0,0.0,196.0,35746.84
2022-06-17,50595.27,0.0,2202.78,0.0,943343.0,0.0,51807.0,0.0,194.0,33191.54
2022-06-18,50997.95,0.0,2647.79,0.0,945126.0,0.0,54427.0,0.0,196.0,34828.8
2022-06-19,43591.62,0.0,2427.25,0.0,859059.0,0.0,55181.0,0.0,205.0,33506.02
2022-06-20,34999.9,0.0,2148.05,0.0,665525.0,0.0,51515.0,0.0,185.0,30051.75
2022-06-21,36904.1,0.0,2031.46,0.0,708380.0,0.0,46449.0,0.0,175.0,28482.55
2022-06-22,41278.64,0.0,1877.45,0.0,769539.0,0.0,45107.0,0.0,158.0,29822.83
2022-06-23,49888.18,0.0,1628.02,0.0,902433.0,0.0,42542.0,0.0,252.0,43060.57
2022-06-24,60693.57,0.0,1699.62,0.0,1203189.0,0.0,49993.0,0.0,259.0,46141.770000000004
2022-06-25,63647.42,0.0,1905.52,0.0,1281503.0,0.0,47639.0,0.0,364.0,63300.54
2022-06-26,59018.1,0.0,2175.74,0.0,1125448.0,0.0,47380.0,0.0,341.0,51811.49
2022-06-27,66407.09,0.0,2011.23,0.0,1306444.0,0.0,41761.0,0.0,293.0,48088.98
2022-06-28,47684.57,0.0,1996.81,0.0,874892.0,0.0,39506.0,0.0,274.0,44913.87
2022-06-29,43839.44,0.0,1901.01,0.0,841976.0,0.0,38365.0,0.0,252.0,41651.27
2022-06-30,47293.86,0.0,1870.07,0.0,980690.0,0.0,43060.0,0.0,216.0,37632.56
2022-07-01,40946.04,0.0,1685.74,0.0,891729.0,0.0,41150.0,0.0,202.0,35113.63
2022-07-02,38071.27,0.0,1769.7,0.0,878922.0,0.0,40454.0,0.0,212.0,37119.78
2022-07-03,36599.34,0.0,1822.95,0.0,828265.0,0.0,45233.0,0.0,162.0,28699.06
2022-07-04,30128.63,0.0,1636.42,0.0,779251.0,0.0,47249.0,0.0,170.0,30249.48
2022-07-05,35211.23,0.0,1580.3,0.0,953991.0,0.0,50594.0,0.0,195.0,36467.42
2022-07-06,49199.88,0.0,1568.07,0.0,1147418.0,0.0,46715.0,0.0,243.0,45842.56
2022-07-07,85146.11,0.0,1591.2,0.0,1942252.0,0.0,43451.0,0.0,400.0,69769.81
2022-07-08,95828.31,0.0,1625.69,0.0,2094853.0,0.0,42693.0,0.0,468.0,85822.14
2022-07-09,107239.91,0.0,1559.99,0.0,2527776.0,0.0,41033.0,0.0,588.0,101569.12
2022-07-10,106216.39,0.0,1778.1100000000001,0.0,2504751.0,0.0,47070.0,0.0,523.0,91391.52
2022-07-11,87165.56999999999,0.0,1832.12,0.0,2146759.0,0.0,52142.0,0.0,364.0,65944.88
2022-07-12,68291.6,0.0,1425.69,0.0,1601783.0,0.0,39420.0,0.0,287.0,51141.76
2022-07-13,53843.08,0.0,1095.3100000000002,0.0,1019467.0,0.0,28087.0,0.0,218.0,37816.85
2022-07-14,55553.96,0.0,1141.4,0.0,1291823.0,0.0,32981.0,0.0,259.0,45898.12
2022-07-15,76695.97,0.0,1180.6200000000001,0.0,1683670.0,0.0,41861.0,0.0,379.0,62761.76
2022-07-16,93908.39,0.0,1579.34,0.0,1997745.0,0.0,53364.0,0.0,495.0,85641.24
2022-07-17,94513.4,0.0,1492.1200000000001,0.0,1990556.0,0.0,51584.0,0.0,492.0,82406.03
2022-07-18,73713.79,0.0,1966.75,0.0,1680100.0,0.0,66408.0,0.0,360.0,59607.840000000004
2022-07-19,68991.99,0.0,1923.72,0.0,1679361.0,0.0,70181.0,0.0,348.0,57644.55
2022-07-20,75076.9,0.0,2134.48,0.0,1827994.0,0.0,78218.0,0.0,383.0,66619.79
2022-07-21,94076.42,0.0,2715.87,0.0,2353519.0,0.0,97177.0,0.0,497.0,81117.33
2022-07-22,87391.33,0.0,3086.35,0.0,2012761.0,0.0,99536.0,0.0,393.0,66990.03
2022-07-23,86268.55,0.0,3080.63,0.0,1804290.0,0.0,90747.0,0.0,400.0,69300.51
2022-07-24,82263.29,0.0,3041.01,0.0,1740081.0,0.0,97484.0,0.0,379.0,65007.659999999996
2022-07-25,58229.61,0.0,2651.11,0.0,1431273.0,0.0,100169.0,0.0,325.0,51774.57
2022-07-26,44654.52,0.0,2175.88,0.0,1083252.0,0.0,74160.0,0.0,279.0,42422.34
2022-07-27,52285.91,0.0,2441.55,0.0,1246466.0,0.0,83585.0,0.0,307.0,47703.46
2022-07-28,66439.23,0.0,2896.94,0.0,1423464.0,0.0,99890.0,0.0,334.0,53398.78
2022-07-29,68129.06,0.0,2731.37,0.0,1425709.0,0.0,85903.0,0.0,334.0,52636.72
2022-07-30,64267.55,0.0,2472.9900000000002,0.0,1254292.0,0.0,71418.0,0.0,327.0,55568.47
2022-07-31,58779.88,0.0,2681.63,0.0,1210448.0,0.0,75882.0,0.0,340.0,59820.74
2022-08-01,45732.12,0.0,2446.0,0.0,1022528.0,0.0,87571.0,0.0,228.0,39904.97
2022-08-02,45417.82,0.0,2023.3600000000001,0.0,1063293.0,0.0,77645.0,0.0,206.0,36094.94
2022-08-03,44220.24,0.0,1894.36,0.0,1004954.0,0.0,69958.0,0.0,244.0,38922.41
2022-08-04,56756.71,0.0,1842.49,0.0,1182537.0,0.0,70058.0,0.0,243.0,42310.45
2022-08-05,61824.770000000004,0.0,1890.4499999999998,0.0,1189249.0,0.0,66318.0,0.0,278.0,49259.46
2022-08-06,61752.15,0.0,1873.99,0.0,1215677.0,0.0,61891.0,0.0,320.0,53353.18
2022-08-07,56687.53,0.0,1657.74,0.0,1210642.0,0.0,36597.0,0.0,298.0,49242.22
2022-08-08,45369.57,0.0,1553.19,0.0,975772.0,0.0,36201.0,0.0,240.0,39552.38
2022-08-09,41392.83,0.0,1597.17,0.0,1022026.0,0.0,41326.0,0.0,194.0,33021.82
2022-08-10,44235.71,0.0,1684.78,0.0,1043716.0,0.0,46161.0,0.0,224.0,36591.28
2022-08-11,56819.49,0.0,1667.13,0.0,982500.0,0.0,42960.0,0.0,238.0,41645.6
2022-08-12,60973.29,0.0,1575.05,0.0,1031223.0,0.0,45347.0,0.0,165.0,28654.8
2022-08-13,55659.33,0.0,1505.14,0.0,1539979.0,0.0,48649.0,0.0,266.0,41593.77
2022-08-14,49983.6,0.0,1643.81,0.0,1402307.0,0.0,57830.0,0.0,277.0,46296.34
2022-08-15,42654.73,0.0,1651.64,0.0,1233251.0,0.0,56992.0,0.0,220.0,36332.53
2022-08-16,51101.62,0.0,1334.1799999999998,0.0,1310786.0,0.0,45563.0,0.0,276.0,42772.74
2022-08-17,45167.24,0.0,1614.16,0.0,1041763.0,0.0,57230.0,0.0,204.0,31774.29
2022-08-18,44997.52,0.0,2270.78,0.0,1012852.0,0.0,63582.0,0.0,278.0,45950.56
2022-08-19,54109.39,0.0,2226.57,0.0,1162495.0,0.0,55852.0,0.0,292.0,46281.38
2022-08-20,45842.79,0.0,2400.17,0.0,986334.0,0.0,58306.0,0.0,319.0,52889.93
2022-08-21,46953.79,0.0,2404.9500000000003,0.0,1063282.0,0.0,59609.0,0.0,303.0,48681.72
2022-08-22,43929.92,0.0,2033.55,0.0,988743.0,0.0,58245.0,0.0,256.0,42550.7
2022-08-23,45387.67,0.0,1740.83,0.0,1008915.0,0.0,51805.0,0.0,253.0,42769.7
2022-08-24,46533.53,0.0,1263.27,0.0,976160.0,0.0,45814.0,0.0,283.0,47669.02
2022-08-25,53754.28,0.0,1166.94,0.0,1094308.0,0.0,41093.0,0.0,315.0,51042.51
2022-08-26,57895.71,0.0,1150.64,0.0,1187475.0,0.0,39458.0,0.0,294.0,50468.97
2022-08-27,59400.58,0.0,1136.33,0.0,1181479.0,0.0,35651.0,0.0,319.0,55516.83
2022-08-28,58976.43,0.0,1197.42,0.0,1207924.0,0.0,37848.0,0.0,307.0,56387.68
2022-08-29,55207.13,0.0,1167.95,0.0,1137174.0,0.0,43721.0,0.0,304.0,56216.52
2022-08-30,66746.81,0.0,1171.58,0.0,1406032.0,0.0,43906.0,0.0,309.0,52708.29
2022-08-31,58474.83,0.0,1278.35,0.0,1282332.0,0.0,46541.0,0.0,296.0,49730.78
2022-09-01,58223.85,0.0,1551.28,0.0,1343964.0,0.0,58373.0,0.0,272.0,43693.65
2022-09-02,48675.5,0.0,1858.3400000000001,0.0,1148200.0,0.0,70892.0,0.0,248.0,40590.56
2022-09-03,41461.18,0.0,1885.63,0.0,1056862.0,0.0,59091.0,0.0,213.0,35450.94
2022-09-04,40418.62,0.0,1772.48,0.0,956025.0,0.0,53969.0,0.0,223.0,37356.17
2022-09-05,35687.409999999996,0.0,1762.98,0.0,811332.0,0.0,63804.0,0.0,221.0,37516.85
2022-09-06,32787.24,0.0,1588.61,0.0,853991.0,0.0,56672.0,0.0,177.0,31814.4
2022-09-07,33795.87,0.0,1353.67,0.0,807892.0,0.0,39344.0,0.0,158.0,27046.7
2022-09-08,37764.58,0.0,1288.46,0.0,850677.0,0.0,39521.0,0.0,161.0,27752.54
2022-09-09,41078.09,0.0,1099.8799999999999,0.0,871411.0,0.0,31405.0,0.0,123.0,19630.91
2022-09-10,37510.07,0.0,1006.86,0.0,796296.0,0.0,25997.0,0.0,174.0,29035.34
2022-09-11,40897.45,0.0,1053.58,0.0,852803.0,0.0,29153.0,0.0,209.0,35356.18
2022-09-12,36165.36,0.0,1041.3,0.0,971622.0,0.0,34040.0,0.0,172.0,29488.81
2022-09-13,29651.97,0.0,1000.46,0.0,790288.0,0.0,34258.0,0.0,133.0,21809.8
2022-09-14,24614.13,0.0,965.99,0.0,596085.0,0.0,31098.0,0.0,131.0,20725.4
2022-09-15,29749.170000000002,0.0,1002.88,0.0,678880.0,0.0,30045.0,0.0,163.0,26311.760000000002
2022-09-16,23582.989999999998,0.0,962.59,0.0,516344.0,0.0,30592.0,0.0,132.0,20212.940000000002
2022-09-17,26808.11,0.0,1003.51,0.0,614874.0,0.0,32275.0,0.0,150.0,24702.73
2022-09-18,23824.420000000002,0.0,1037.23,0.0,565507.0,0.0,36219.0,0.0,160.0,25813.53
2022-09-19,22938.82,0.0,1025.75,0.0,520268.0,0.0,35864.0,0.0,129.0,22226.1
2022-09-20,24101.81,0.0,1004.11,0.0,541940.0,0.0,32687.0,0.0,133.0,22604.23
2022-09-21,31302.280000000002,0.0,1009.61,0.0,646845.0,0.0,30100.0,0.0,167.0,29267.28
2022-09-22,33537.659999999996,0.0,989.7299999999999,0.0,647422.0,0.0,26784.0,0.0,157.0,27831.06
2022-09-23,30265.31,0.0,942.25,0.0,571582.0,0.0,26864.0,0.0,147.0,26589.48
2022-09-24,32016.29,0.0,859.59,0.0,650134.0,0.0,24963.0,0.0,154.0,25032.14
2022-09-25,27238.59,0.0,936.1600000000001,0.0,532531.0,0.0,26826.0,0.0,138.0,22218.17
2022-09-26,26992.51,0.0,812.9,0.0,565166.0,0.0,25552.0,0.0,134.0,22918.96
2022-09-27,26450.19,0.0,397.34999999999997,0.0,548002.0,0.0,9553.0,0.0,114.0,18543.17
2022-09-28,32311.88,0.0,400.41,0.0,643071.0,0.0,10346.0,0.0,160.0,26134.87
2022-09-29,37895.55,0.0,398.29999999999995,0.0,782282.0,0.0,8203.0,0.0,179.0,27026.56
2022-09-30,36285.69,0.0,394.33,0.0,718752.0,0.0,9251.0,0.0,220.0,34901.18
2022-10-01,34307.65,0.0,385.48,0.0,853822.0,0.0,10361.0,0.0,228.0,36331.17
2022-10-02,30824.97,0.0,420.65,0.0,760524.0,0.0,12445.0,0.0,238.0,34763.59
2022-10-03,32059.43,0.0,416.28999999999996,0.0,798501.0,0.0,12353.0,0.0,216.0,31122.079999999998
2022-10-04,45785.89,0.0,409.28,0.0,1036119.0,0.0,10130.0,0.0,233.0,36740.13
2022-10-05,40421.58,0.0,395.6,0.0,696940.0,0.0,5448.0,0.0,184.0,27475.879999999997
2022-10-06,32859.65,0.0,377.94,0.0,741657.0,0.0,9461.0,0.0,175.0,27837.93
2022-10-07,30703.16,0.0,387.81,0.0,695585.0,0.0,8427.0,0.0,174.0,25358.16
2022-10-08,33407.58,0.0,392.4200000000001,0.0,775330.0,0.0,8582.0,0.0,193.0,29769.26
2022-10-09,32631.47,0.0,422.11999999999995,0.0,766707.0,0.0,8638.0,0.0,197.0,34299.34
2022-10-10,27293.82,0.0,403.78000000000003,0.0,637554.0,0.0,9556.0,0.0,168.0,25889.77
2022-10-11,28720.41,0.0,401.10999999999996,0.0,638824.0,0.0,8862.0,0.0,146.0,20595.08
2022-10-12,28834.489999999998,0.0,398.21000000000004,0.0,598684.0,0.0,8915.0,0.0,148.0,23139.13
2022-10-13,32567.59,0.0,389.22999999999996,0.0,680309.0,0.0,10698.0,0.0,197.0,30287.1
2022-10-14,33275.909999999996,0.0,386.06,0.0,595133.0,0.0,8993.0,0.0,224.0,33127.82
2022-10-15,43953.05,0.0,283.38,0.0,766606.0,0.0,4788.0,0.0,275.0,38902.99
2022-10-16,45240.47,0.0,0.0,0.0,818019.0,0.0,0.0,0.0,319.0,46477.090000000004
2022-10-17,35658.44,0.0,0.0,0.0,691030.0,0.0,0.0,0.0,205.0,32724.65
2022-10-18,30217.6,0.0,0.0,0.0,584665.0,0.0,0.0,0.0,165.0,24400.65
2022-10-19,28181.21,0.0,0.0,0.0,550980.0,0.0,0.0,0.0,131.0,19124.41
2022-10-20,32730.13,0.0,26.84,0.0,645785.0,0.0,562.0,0.0,166.0,25518.32
2022-10-21,37814.409999999996,0.0,482.73,0.0,723577.0,0.0,13054.0,0.0,178.0,26154.66
2022-10-22,32974.2,0.0,400.99000000000007,0.0,642225.0,0.0,10352.0,0.0,210.0,31319.6
2022-10-23,32123.29,0.0,420.55,0.0,625046.0,0.0,12026.0,0.0,171.0,23968.5
2022-10-24,26005.31,0.0,375.65000000000003,0.0,554539.0,0.0,11263.0,0.0,147.0,22689.61
2022-10-25,20531.829999999998,0.0,0.0,0.0,460201.0,0.0,0.0,0.0,121.0,17994.670000000002
2022-10-26,23305.31,0.0,0.0,0.0,512931.0,0.0,0.0,0.0,133.0,18564.32
2022-10-27,31359.82,0.0,0.0,0.0,685299.0,0.0,0.0,0.0,139.0,20898.95
2022-10-28,32031.14,0.0,0.0,0.0,761981.0,0.0,0.0,0.0,142.0,22448.07
2022-10-29,46366.61,0.0,0.0,0.0,965968.0,0.0,0.0,0.0,235.0,36250.09
2022-10-30,39614.9,0.0,0.0,0.0,811997.0,0.0,0.0,0.0,218.0,31612.69
2022-10-31,31219.83,0.0,0.0,0.0,659822.0,0.0,0.0,0.0,154.0,20814.95
2022-11-01,28619.06,0.0,0.0,0.0,771902.0,0.0,0.0,0.0,136.0,19218.94
2022-11-02,15976.380000000001,0.0,0.0,0.0,416434.0,0.0,0.0,0.0,90.0,13687.33
2022-11-03,15451.08,0.0,0.0,0.0,386714.0,0.0,0.0,0.0,73.0,12378.5
2022-11-04,17070.72,0.0,0.0,0.0,390915.0,0.0,0.0,0.0,74.0,11715.14
2022-11-05,18762.52,0.0,0.0,0.0,456160.0,0.0,0.0,0.0,103.0,15079.55
2022-11-06,17527.37,0.0,0.0,0.0,443638.0,0.0,0.0,0.0,87.0,12926.8
2022-11-07,12286.9,0.0,0.0,0.0,307350.0,0.0,0.0,0.0,70.0,9404.87
2022-11-08,8775.32,0.0,0.0,0.0,180120.0,0.0,0.0,0.0,72.0,9402.06
2022-11-09,14399.31,0.0,0.0,0.0,299992.0,0.0,0.0,0.0,103.0,15888.93
2022-11-10,17858.29,0.0,0.0,0.0,367675.0,0.0,0.0,0.0,105.0,14915.06
2022-11-11,16671.59,0.0,0.0,0.0,326133.0,0.0,0.0,0.0,113.0,16357.61
2022-11-12,18543.66,0.0,0.0,0.0,365299.0,0.0,0.0,0.0,115.0,16141.16
2022-11-13,16427.54,0.0,0.0,0.0,294687.0,0.0,0.0,0.0,88.0,13020.16
2022-11-14,15258.75,0.0,0.0,0.0,270445.0,0.0,0.0,0.0,84.0,12622.21
2022-11-15,15960.67,0.0,0.0,0.0,298952.0,0.0,0.0,0.0,100.0,15256.82
2022-11-16,14277.06,0.0,0.0,0.0,258136.0,0.0,0.0,0.0,90.0,13146.24
2022-11-17,13692.98,0.0,0.0,0.0,246787.0,0.0,0.0,0.0,72.0,10775.75
2022-11-18,13561.98,0.0,0.0,0.0,257401.0,0.0,0.0,0.0,76.0,13366.17
2022-11-19,12296.19,0.0,0.0,0.0,252291.0,0.0,0.0,0.0,60.0,10628.39
2022-11-20,12235.31,0.0,0.0,0.0,279571.0,0.0,0.0,0.0,74.0,12231.69
2022-11-21,13689.23,0.0,0.0,0.0,270790.0,0.0,0.0,0.0,68.0,9473.88
2022-11-22,10856.66,0.0,0.0,0.0,207979.0,0.0,0.0,0.0,50.0,7344.79
2022-11-23,9347.98,0.0,0.0,0.0,177654.0,0.0,0.0,0.0,54.0,9717.029999999999
2022-11-24,8726.75,0.0,0.0,0.0,162304.0,0.0,0.0,0.0,42.0,6228.45
2022-11-25,8598.06,0.0,0.0,0.0,154338.0,0.0,0.0,0.0,35.0,5490.91
2022-11-26,8278.01,0.0,0.0,0.0,151538.0,0.0,0.0,0.0,44.0,6390.08
2022-11-27,7548.04,0.0,0.0,0.0,151035.0,0.0,0.0,0.0,49.0,7883.86
2022-11-28,10642.64,0.0,0.0,0.0,189992.0,0.0,0.0,0.0,57.0,9919.27
2022-11-29,10801.87,0.0,0.0,0.0,222911.0,0.0,0.0,0.0,49.0,8316.85
2022-11-30,9639.08,0.0,0.0,0.0,206161.0,0.0,0.0,0.0,49.0,7863.3099999999995
2022-12-01,11699.31,0.0,0.0,0.0,239414.0,0.0,0.0,0.0,51.0,7358.29
2022-12-02,12556.22,0.0,0.0,0.0,243877.0,0.0,0.0,0.0,64.0,9368.35
2022-12-03,14364.24,0.0,0.0,0.0,302563.0,0.0,0.0,0.0,73.0,12888.68
2022-12-04,14357.73,0.0,0.0,0.0,275693.0,0.0,0.0,0.0,64.0,12318.51
2022-12-05,11182.51,0.0,0.0,0.0,249553.0,0.0,0.0,0.0,43.0,7459.27
2022-12-06,10269.85,0.0,0.0,0.0,230783.0,0.0,0.0,0.0,49.0,8102.87
2022-12-07,12012.8,0.0,0.0,0.0,251362.0,0.0,0.0,0.0,38.0,5672.42
2022-12-08,10836.16,0.0,0.0,0.0,208941.0,0.0,0.0,0.0,53.0,9053.199999999999
2022-12-09,10604.09,0.0,0.0,0.0,204254.0,0.0,0.0,0.0,46.0,8146.72
2022-12-10,10396.71,0.0,0.0,0.0,211149.0,0.0,0.0,0.0,46.0,7398.11
2022-12-11,14114.31,0.0,0.0,0.0,308247.0,0.0,0.0,0.0,72.0,11841.12
2022-12-12,11622.0,0.0,0.0,0.0,249682.0,0.0,0.0,0.0,47.0,8863.98
2022-12-13,12860.98,0.0,0.0,0.0,264704.0,0.0,0.0,0.0,67.0,12641.42
2022-12-14,11861.43,0.0,0.0,0.0,217329.0,0.0,0.0,0.0,61.0,10316.39
2022-12-15,13250.81,0.0,0.0,0.0,239581.0,0.0,0.0,0.0,55.0,8352.48
2022-12-16,14300.4,0.0,0.0,0.0,274562.0,0.0,0.0,0.0,74.0,13571.19
2022-12-17,15914.65,0.0,0.0,0.0,330510.0,0.0,0.0,0.0,92.0,18451.56
2022-12-18,18180.170000000002,0.0,0.0,0.0,348838.0,0.0,0.0,0.0,106.0,18239.49
2022-12-19,18913.64,0.0,0.0,0.0,368093.0,0.0,0.0,0.0,95.0,17327.47
2022-12-20,16381.26,0.0,0.0,0.0,377057.0,0.0,0.0,0.0,83.0,13651.64
2022-12-21,14392.7,0.0,0.0,0.0,339544.0,0.0,0.0,0.0,95.0,16441.47
2022-12-22,15155.94,0.0,0.0,0.0,363100.0,0.0,0.0,0.0,78.0,13233.45
2022-12-23,13725.15,0.0,0.0,0.0,345961.0,0.0,0.0,0.0,73.0,12508.1
2022-12-24,9314.52,0.0,0.0,0.0,253905.0,0.0,0.0,0.0,53.0,9794.75
2022-12-25,8047.11,0.0,0.0,0.0,239397.0,0.0,0.0,0.0,31.0,4796.27
2022-12-26,13093.38,0.0,0.0,0.0,407328.0,0.0,0.0,0.0,105.0,18106.34
2022-12-27,44018.01,0.0,1522.07,0.0,1293734.0,0.0,80192.0,0.0,286.0,49962.74
2022-12-28,72577.53,0.0,2074.49,0.0,1958691.0,0.0,85457.0,0.0,385.0,68895.46
2022-12-29,51344.04,0.0,1721.0,0.0,1349180.0,0.0,64732.0,0.0,268.0,47727.96
2022-12-30,32835.82,0.0,1508.5,0.0,990796.0,0.0,65186.0,0.0,157.0,25599.379999999997
2022-12-31,34757.74,0.0,1344.78,0.0,1277479.0,0.0,58183.0,0.0,194.0,32011.39
2023-01-01,32366.7,0.0,0.0,0.0,1416229.0,0.0,0.0,0.0,146.0,25516.829999999998
2023-01-02,21468.99,0.0,0.0,0.0,974069.0,0.0,0.0,0.0,116.0,19167.65
2023-01-03,22077.44,0.0,0.0,0.0,946558.0,0.0,0.0,0.0,119.0,20662.5
2023-01-04,38809.55,0.0,0.0,0.0,1535889.0,0.0,0.0,0.0,186.0,33126.95
2023-01-05,40908.74,0.0,0.0,0.0,1451429.0,0.0,0.0,0.0,212.0,33845.83
2023-01-06,49536.33,0.0,0.0,0.0,1755394.0,0.0,0.0,0.0,214.0,38777.74
2023-01-07,55040.28,0.0,0.0,0.0,1690029.0,0.0,0.0,0.0,311.0,59350.869999999995
2023-01-08,55999.72,0.0,0.0,0.0,1651731.0,0.0,0.0,0.0,286.0,49442.41
2023-01-09,30060.13,0.0,0.0,0.0,1020724.0,0.0,0.0,0.0,134.0,21102.56
2023-01-10,25774.27,0.0,0.0,0.0,998275.0,0.0,0.0,0.0,136.0,23376.5
2023-01-11,26176.89,0.0,0.0,0.0,973841.0,0.0,0.0,0.0,110.0,17689.04
2023-01-12,24333.309999999998,0.0,0.0,0.0,869161.0,0.0,0.0,0.0,116.0,20518.97
2023-01-13,33420.49,0.0,0.0,0.0,1120320.0,0.0,0.0,0.0,142.0,23928.44
2023-01-14,39115.96,0.0,0.0,0.0,1243593.0,0.0,0.0,0.0,203.0,34179.92
2023-01-15,34935.24,0.0,0.0,0.0,986703.0,0.0,0.0,0.0,196.0,35280.18
2023-01-16,26239.27,0.0,0.0,0.0,769937.0,0.0,0.0,0.0,166.0,27790.62
2023-01-17,22969.19,0.0,0.0,0.0,669849.0,0.0,0.0,0.0,129.0,21978.91
2023-01-18,26285.670000000002,0.0,0.0,0.0,789971.0,0.0,0.0,0.0,139.0,24199.600000000002
2023-01-19,35634.91,2528.37,0.0,0.0,964200.0,76882.0,0.0,0.0,199.0,37041.11
2023-01-20,48926.8,830.7199999999999,0.0,0.0,1143376.0,23504.0,0.0,0.0,268.0,46593.03
2023-01-21,66176.65,0.0,0.0,0.0,1427677.0,0.0,0.0,0.0,362.0,59441.090000000004
2023-01-22,59240.89,0.0,0.0,0.0,1354497.0,0.0,0.0,0.0,335.0,53499.57
2023-01-23,44786.37,0.0,0.0,0.0,1189729.0,0.0,0.0,0.0,241.0,36592.84
2023-01-24,39471.88,0.0,0.0,0.0,1115187.0,0.0,0.0,0.0,204.0,31669.72
2023-01-25,34664.04,0.0,0.0,0.0,1036600.0,0.0,0.0,0.0,171.0,29182.2
2023-01-26,37699.93,494.9,0.0,0.0,1104014.0,12516.0,0.0,0.0,202.0,35778.39
2023-01-27,43870.159999999996,928.53,0.0,0.0,1274243.0,16608.0,0.0,0.0,231.0,38770.26
2023-01-28,66765.83,1003.38,0.0,0.0,1999464.0,19019.0,0.0,0.0,360.0,63811.34
2023-01-29,59667.78,1028.82,0.0,0.0,1811871.0,19886.0,0.0,0.0,319.0,56743.36
2023-01-30,39212.19,1015.35,0.0,0.0,1225641.0,20673.0,0.0,0.0,191.0,33784.41
2023-01-31,34202.0,969.52,0.0,0.0,1055191.0,20388.0,0.0,0.0,169.0,28510.39
2023-02-01,30022.71,987.0,0.0,0.0,896576.0,18428.0,0.0,0.0,170.0,32413.74
2023-02-02,35588.02,968.83,0.0,0.0,1000591.0,15255.0,0.0,0.0,192.0,34113.44
2023-02-03,46190.48,1132.22,0.0,0.0,1205625.0,17342.0,0.0,0.0,232.0,41270.41
2023-02-04,64502.37,1476.09,0.0,0.0,1707599.0,22429.0,0.0,0.0,354.0,66259.06
2023-02-05,57802.2,1547.8300000000002,0.0,0.0,1659878.0,22014.0,0.0,0.0,314.0,58899.380000000005
2023-02-06,43148.43,1482.2000000000003,0.0,0.0,1239940.0,23122.0,0.0,0.0,193.0,35306.86
2023-02-07,34561.54,1853.82,0.0,0.0,979954.0,32189.0,0.0,0.0,168.0,32110.65
2023-02-08,29582.53,1875.77,0.0,0.0,805796.0,32871.0,0.0,0.0,130.0,23219.09
2023-02-09,35437.88,2476.5699999999997,0.0,0.0,922395.0,40160.0,0.0,0.0,185.0,32689.68
2023-02-10,36916.94,2894.13,0.0,0.0,835600.0,47947.0,0.0,0.0,189.0,35171.82
2023-02-11,62339.95,2990.75,0.0,0.0,1267376.0,50069.0,0.0,0.0,351.0,65451.8
2023-02-12,57022.32,3138.2599999999998,0.0,0.0,1159477.0,53648.0,0.0,0.0,323.0,58272.92
2023-02-13,32077.16,2955.6,0.0,0.0,815125.0,59014.0,0.0,0.0,176.0,30926.44
2023-02-14,30723.489999999998,2982.98,0.0,0.0,924992.0,65447.0,0.0,0.0,162.0,29607.11
2023-02-15,24813.35,2852.63,0.0,0.0,698053.0,66941.0,0.0,0.0,142.0,28017.39
2023-02-16,34309.9,2547.7799999999997,0.0,0.0,946901.0,50767.0,0.0,0.0,219.0,36449.49
2023-02-17,43247.95,1406.24,0.0,0.0,1102498.0,25331.0,0.0,0.0,272.0,45544.61
2023-02-18,96496.69,1529.0,0.0,0.0,2236099.0,28537.0,0.0,0.0,696.0,119084.62
2023-02-19,86600.47,1549.84,0.0,0.0,2127925.0,29307.0,0.0,0.0,526.0,95100.66
2023-02-20,58142.26,1532.8999999999999,0.0,0.0,1567076.0,33712.0,0.0,0.0,387.0,65906.34
2023-02-21,48027.28,746.35,0.0,0.0,1453670.0,16112.0,0.0,0.0,288.0,47087.64
2023-02-22,37756.229999999996,393.87,0.0,0.0,1159645.0,7735.0,0.0,0.0,244.0,42642.83
2023-02-23,43715.06,372.09000000000003,0.0,0.0,1338495.0,8200.0,0.0,0.0,233.0,38893.94
2023-02-24,40335.49,243.93,0.0,0.0,1148200.0,5328.0,0.0,0.0,215.0,36233.32
2023-02-25,98504.44,0.0,0.0,0.0,2499710.0,0.0,0.0,0.0,488.0,88547.18
2023-02-26,78364.34,0.0,0.0,0.0,1906557.0,0.0,0.0,0.0,417.0,71956.82
2023-02-27,41291.04,0.0,0.0,0.0,964594.0,0.0,0.0,0.0,186.0,30127.14
2023-02-28,29492.31,0.0,0.0,0.0,800422.0,0.0,0.0,0.0,166.0,26216.49
2023-03-01,30897.8,0.0,0.0,0.0,863521.0,0.0,0.0,0.0,186.0,33515.29
2023-03-02,37039.72,762.82,0.0,0.0,1068314.0,14571.0,0.0,0.0,190.0,33633.71
2023-03-03,42398.47,1106.44,0.0,0.0,1113512.0,17775.0,0.0,0.0,227.0,38591.32
2023-03-04,104466.31,1519.99,0.0,0.0,2888483.0,35256.0,0.0,0.0,539.0,91058.64
2023-03-05,78840.42,1747.8600000000001,0.0,0.0,1985800.0,30433.0,0.0,0.0,422.0,76119.13
2023-03-06,41434.82,1734.03,0.0,0.0,1020138.0,32412.0,0.0,0.0,225.0,39500.409999999996
2023-03-07,35571.83,1674.94,0.0,0.0,867414.0,33362.0,0.0,0.0,159.0,26689.56
2023-03-08,28274.47,1684.98,0.0,0.0,687103.0,39807.0,0.0,0.0,155.0,26534.93
2023-03-09,34797.41,1625.4099999999999,0.0,0.0,818258.0,36950.0,0.0,0.0,159.0,26790.02
2023-03-10,36011.56,1083.27,0.0,0.0,846483.0,21980.0,0.0,0.0,206.0,32672.39
2023-03-11,82696.57,481.09,0.0,0.0,2069756.0,9194.0,0.0,0.0,466.0,77236.65
2023-03-12,58516.3,511.34999999999997,0.0,0.0,1463149.0,8830.0,0.0,0.0,282.0,51849.71
2023-03-13,30690.74,500.29,0.0,0.0,865448.0,9744.0,0.0,0.0,168.0,27801.57
2023-03-14,28173.95,494.35,0.0,0.0,773950.0,10547.0,0.0,0.0,152.0,27018.23
2023-03-15,26760.86,497.7,0.0,0.0,732759.0,10947.0,0.0,0.0,175.0,27333.06
2023-03-16,33889.83,489.65999999999997,0.0,0.0,886441.0,10855.0,0.0,0.0,175.0,28414.5
2023-03-17,43417.96,112.21000000000001,0.0,0.0,1105567.0,2274.0,0.0,0.0,211.0,39221.99
2023-03-18,94550.95,0.0,0.0,0.0,2414503.0,0.0,0.0,0.0,460.0,80052.28
2023-03-19,74471.11,0.0,0.0,0.0,1927995.0,0.0,0.0,0.0,383.0,67630.2
2023-03-20,44365.92,0.0,0.0,0.0,1094997.0,0.0,0.0,0.0,203.0,34237.45
2023-03-21,35319.24,0.0,0.0,0.0,877372.0,0.0,0.0,0.0,201.0,33365.32
2023-03-22,34618.26,0.0,0.0,0.0,1218796.0,0.0,0.0,0.0,181.0,29368.38
2023-03-23,42399.1,0.0,0.0,0.0,1189627.0,0.0,0.0,0.0,224.0,39803.86
2023-03-24,67877.9,0.0,0.0,0.0,1669169.0,0.0,0.0,0.0,338.0,57116.08
2023-03-25,130032.67000000001,0.0,0.0,0.0,3298558.0,0.0,0.0,0.0,673.0,117018.65
2023-03-26,98640.86,0.0,0.0,0.0,2661723.0,0.0,0.0,0.0,448.0,75465.7
2023-03-27,49292.96,0.0,0.0,0.0,1321409.0,0.0,0.0,0.0,251.0,43453.03
2023-03-28,65906.89,0.0,0.0,0.0,1803263.0,0.0,0.0,0.0,301.0,52275.74
2023-03-29,74518.27,0.0,0.0,0.0,2084886.0,0.0,0.0,0.0,391.0,69896.15
2023-03-30,89159.35,0.0,0.0,0.0,2174569.0,0.0,0.0,0.0,425.0,75803.31
2023-03-31,59579.39,0.0,0.0,0.0,1432868.0,0.0,0.0,0.0,272.0,47189.72
2023-04-01,79776.93,0.0,0.0,0.0,1990766.0,0.0,0.0,0.0,417.0,73411.85
2023-04-02,82943.9,0.0,0.0,0.0,1970283.0,0.0,0.0,0.0,425.0,72037.64
2023-04-03,58783.74,0.0,0.0,0.0,1480558.0,0.0,0.0,0.0,274.0,46404.44
2023-04-04,58215.06,0.0,0.0,0.0,1534676.0,0.0,0.0,0.0,241.0,43247.62
2023-04-05,52940.31,0.0,0.0,0.0,1211968.0,0.0,0.0,0.0,211.0,38040.63
2023-04-06,47138.67,0.0,0.0,0.0,1062439.0,0.0,0.0,0.0,229.0,41748.06
2023-04-07,42693.36,0.0,0.0,0.0,991578.0,0.0,0.0,0.0,190.0,34556.5
2023-04-08,53927.04,0.0,0.0,0.0,1345047.0,0.0,0.0,0.0,272.0,47432.590000000004
2023-04-09,46445.62,0.0,0.0,0.0,1156786.0,0.0,0.0,0.0,196.0,33348.36
2023-04-10,33319.76,0.0,0.0,0.0,883076.0,0.0,0.0,0.0,158.0,25940.4
2023-04-11,33657.09,0.0,0.0,0.0,813908.0,0.0,0.0,0.0,221.0,38702.39
2023-04-12,54341.31,0.0,0.0,0.0,1261171.0,0.0,0.0,0.0,253.0,41862.13
2023-04-13,66246.07,0.0,0.0,0.0,1433803.0,0.0,0.0,0.0,338.0,55420.96
2023-04-14,90626.73,0.0,0.0,0.0,2033165.0,0.0,0.0,0.0,478.0,74989.85
2023-04-15,136040.95,0.0,0.0,0.0,2963388.0,0.0,0.0,0.0,689.0,106946.09
2023-04-16,126355.02,0.0,0.0,0.0,2738193.0,0.0,0.0,0.0,634.0,101522.74
2023-04-17,74834.58,0.0,0.0,0.0,1682203.0,0.0,0.0,0.0,375.0,61303.58
2023-04-18,54179.06,0.0,0.0,0.0,1279935.0,0.0,0.0,0.0,261.0,42725.99
2023-04-19,45719.92,0.0,0.0,0.0,1112607.0,0.0,0.0,0.0,250.0,41706.23
2023-04-20,51373.9,0.0,0.0,0.0,1251795.0,0.0,0.0,0.0,237.0,39018.64
2023-04-21,61101.159999999996,0.0,0.0,0.0,1352702.0,0.0,0.0,0.0,230.0,39384.22
2023-04-22,94611.67,0.0,0.0,0.0,2229696.0,0.0,0.0,0.0,464.0,80723.65
2023-04-23,104066.28,0.0,0.0,0.0,916128.0,0.0,0.0,0.0,159.0,25971.420000000002
2023-04-24,53375.31,0.0,0.0,0.0,1306886.0,0.0,0.0,0.0,214.0,33790.340000000004
2023-04-25,50295.68,0.0,0.0,0.0,1244429.0,0.0,0.0,0.0,219.0,38276.75
2023-04-26,42027.74,0.0,0.0,0.0,1040362.0,0.0,0.0,0.0,238.0,39716.590000000004
2023-04-27,3165.96,0.0,0.0,0.0,80721.0,0.0,0.0,0.0,21.0,3801.26
