,date,gross_sales,fb_spend,google_spend,tiktok_spend,event_bfcm,event_other
0,2022-01-01,3470.62,140.11,0.0,175.18,0.0,0.0
1,2022-01-02,6034.81,95.72,25.35,22.97,0.0,0.0
2,2022-01-03,3936.43,117.99,113.23,44.91,0.0,0.0
3,2022-01-04,3909.5,199.49,81.18,26.97,0.0,0.0
4,2022-01-05,2338.03,69.51,120.95,51.84,0.0,0.0
5,2022-01-06,3988.96,69.51,11.76,40.66,0.0,0.0
6,2022-01-07,4862.67,206.32,235.14,27.38,0.0,0.0
7,2022-01-08,5533.93,164.8,80.49,70.15,0.0,0.0
8,2022-01-09,3698.86,78.46,170.22,154.7,0.0,0.0
9,2022-01-10,2882.16,110.76,0.0,35.98,0.0,0.0
10,2022-01-11,5028.33,60.57,96.73,62.2,0.0,0.0
11,2022-01-12,5303.56,60.48,35.4,18.6,0.0,0.0
12,2022-01-13,2838.38,92.48,45.48,22.79,0.0,0.0
13,2022-01-14,5157.87,25.38,0.0,0.0,0.0,0.0
14,2022-01-15,4746.51,36.94,75.29,128.39,0.0,0.0
15,2022-01-16,5707.54,74.2,95.22,65.3,0.0,0.0
16,2022-01-17,4279.8,0.0,107.26,33.66,0.0,0.0
17,2022-01-18,2038.41,96.57,84.85,40.64,0.0,0.0
18,2022-01-19,4180.95,46.38,68.35,19.22,0.0,0.0
19,2022-01-20,5519.75,34.27,77.15,58.54,0.0,0.0
20,2022-01-21,4333.22,192.68,260.52,69.23,0.0,0.0
21,2022-01-22,4150.92,92.1,78.15,41.04,0.0,0.0
22,2022-01-23,4031.74,0.0,95.44,0.0,0.0,0.0
23,2022-01-24,1649.45,37.8,127.83,53.3,0.0,0.0
24,2022-01-25,6252.15,66.89,138.22,36.52,0.0,0.0
25,2022-01-26,3833.81,103.25,151.92,47.56,0.0,0.0
26,2022-01-27,5519.17,50.36,114.47,181.6,0.0,0.0
27,2022-01-28,4337.58,130.71,41.16,0.0,0.0,0.0
28,2022-01-29,6312.11,98.1,296.38,58.29,0.0,0.0
29,2022-01-30,5028.12,122.29,58.52,50.81,0.0,0.0
30,2022-01-31,4548.41,80.8,112.28,93.28,0.0,0.0
31,2022-02-01,3937.59,242.93,41.51,36.96,0.0,0.0
32,2022-02-02,5253.77,79.3,63.44,27.93,0.0,0.0
33,2022-02-03,2656.19,0.0,81.05,91.21,0.0,0.0
34,2022-02-04,5510.59,130.96,81.32,96.84,0.0,0.0
35,2022-02-05,3430.81,49.96,112.99,37.5,0.0,0.0
36,2022-02-06,6124.52,117.8,232.0,17.56,0.0,0.0
37,2022-02-07,4720.85,24.67,89.18,75.84,0.0,0.0
38,2022-02-08,4873.3,36.03,0.0,27.5,0.0,0.0
39,2022-02-09,4833.3,89.96,120.96,66.72,0.0,0.0
40,2022-02-10,2925.19,124.5,137.96,12.74,0.0,0.0
41,2022-02-11,3507.85,0.0,32.17,71.06,0.0,0.0
42,2022-02-12,5302.14,96.95,124.12,26.17,0.0,0.0
43,2022-02-13,4990.53,86.74,130.97,83.99,0.0,0.0
44,2022-02-14,8867.93,0.0,98.66,75.73,0.0,1.0
45,2022-02-15,4877.13,51.89,148.09,0.0,0.0,0.0
46,2022-02-16,3465.52,60.63,58.69,32.74,0.0,0.0
47,2022-02-17,3977.77,150.71,68.57,63.15,0.0,0.0
48,2022-02-18,4663.29,98.22,56.8,44.62,0.0,0.0
49,2022-02-19,1988.86,36.07,82.06,0.0,0.0,0.0
50,2022-02-20,6771.27,128.9,42.75,182.36,0.0,0.0
51,2022-02-21,4781.59,68.19,28.04,17.66,0.0,0.0
52,2022-02-22,5777.39,60.09,181.48,0.0,0.0,0.0
53,2022-02-23,2995.78,136.36,0.0,52.95,0.0,0.0
54,2022-02-24,5933.33,183.31,42.23,30.35,0.0,0.0
55,2022-02-25,6767.36,180.14,22.05,0.0,0.0,0.0
56,2022-02-26,3325.06,84.31,74.56,65.75,0.0,0.0
57,2022-02-27,5226.64,120.5,51.86,0.0,0.0,0.0
58,2022-02-28,5094.51,141.34,247.77,56.78,0.0,0.0
59,2022-03-01,3475.14,143.47,118.16,104.77,0.0,0.0
60,2022-03-02,4857.12,59.94,43.12,17.73,0.0,0.0
61,2022-03-03,5741.36,71.48,254.42,42.09,0.0,0.0
62,2022-03-04,3887.64,41.14,119.9,20.02,0.0,0.0
63,2022-03-05,5755.8,50.67,71.82,68.68,0.0,0.0
64,2022-03-06,2788.35,0.0,19.63,94.1,0.0,0.0
65,2022-03-07,3690.51,180.26,269.17,33.06,0.0,0.0
66,2022-03-08,4310.81,0.0,29.71,8.93,0.0,0.0
67,2022-03-09,4677.33,145.88,25.54,48.04,0.0,0.0
68,2022-03-10,3830.55,0.0,126.64,55.46,0.0,0.0
69,2022-03-11,5836.57,54.25,295.86,54.44,0.0,0.0
70,2022-03-12,5345.04,128.99,203.41,0.0,0.0,0.0
71,2022-03-13,5305.72,0.0,123.64,29.26,0.0,0.0
72,2022-03-14,4578.18,78.18,96.19,64.43,0.0,0.0
73,2022-03-15,4691.15,0.0,0.0,0.0,0.0,0.0
74,2022-03-16,3947.0,16.59,104.25,14.76,0.0,0.0
75,2022-03-17,6657.81,0.0,116.23,78.06,0.0,0.0
76,2022-03-18,3748.95,126.23,0.0,47.66,0.0,0.0
77,2022-03-19,7029.42,130.17,120.51,79.92,0.0,0.0
78,2022-03-20,5043.19,164.56,78.88,103.49,0.0,0.0
79,2022-03-21,3133.93,36.35,79.98,48.29,0.0,0.0
80,2022-03-22,5782.55,106.53,34.56,0.0,0.0,0.0
81,2022-03-23,4656.28,0.0,93.87,70.31,0.0,0.0
82,2022-03-24,5956.65,323.12,57.42,37.54,0.0,0.0
83,2022-03-25,5572.45,0.0,55.94,39.25,0.0,0.0
84,2022-03-26,5305.59,0.0,164.05,153.43,0.0,0.0
85,2022-03-27,4723.2,144.79,354.76,53.33,0.0,0.0
86,2022-03-28,6174.78,270.69,0.0,126.72,0.0,0.0
87,2022-03-29,5089.3,197.43,50.44,116.41,0.0,0.0
88,2022-03-30,5226.85,122.17,74.74,0.0,0.0,0.0
89,2022-03-31,3230.67,236.3,248.79,63.05,0.0,0.0
90,2022-04-01,6326.65,105.79,45.58,111.5,0.0,0.0
91,2022-04-02,5378.36,232.01,94.37,39.34,0.0,0.0
92,2022-04-03,7497.17,85.14,151.74,53.69,0.0,0.0
93,2022-04-04,6315.43,81.99,47.37,72.07,0.0,0.0
94,2022-04-05,6073.28,78.88,90.92,87.48,0.0,0.0
95,2022-04-06,5808.8,41.47,38.57,0.0,0.0,0.0
96,2022-04-07,4692.21,119.2,60.13,38.27,0.0,0.0
97,2022-04-08,7731.03,116.71,104.74,128.72,0.0,0.0
98,2022-04-09,8270.46,130.12,43.23,202.52,0.0,0.0
99,2022-04-10,6580.02,112.69,146.18,128.48,0.0,0.0
100,2022-04-11,7229.99,42.68,85.0,57.87,0.0,0.0
101,2022-04-12,5136.61,77.52,119.14,33.89,0.0,0.0
102,2022-04-13,4870.2,81.23,97.12,33.47,0.0,0.0
103,2022-04-14,6005.69,61.66,190.86,75.44,0.0,0.0
104,2022-04-15,6244.97,90.57,89.9,70.94,0.0,0.0
105,2022-04-16,5924.06,165.29,82.95,166.51,0.0,0.0
106,2022-04-17,6311.34,0.0,114.33,106.2,0.0,0.0
107,2022-04-18,6030.43,110.78,112.12,22.46,0.0,0.0
108,2022-04-19,4978.02,116.44,82.59,104.14,0.0,0.0
109,2022-04-20,6176.31,95.4,81.55,30.47,0.0,0.0
110,2022-04-21,6364.83,31.55,51.91,44.08,0.0,0.0
111,2022-04-22,5688.03,103.09,55.57,0.0,0.0,0.0
112,2022-04-23,7720.27,147.9,48.46,263.33,0.0,0.0
113,2022-04-24,6551.19,0.0,335.89,537.73,0.0,0.0
114,2022-04-25,5976.93,106.65,44.86,0.0,0.0,0.0
115,2022-04-26,4707.34,149.41,65.34,62.45,0.0,0.0
116,2022-04-27,4854.23,127.0,67.38,100.0,0.0,0.0
117,2022-04-28,5376.66,0.0,185.74,128.48,0.0,0.0
118,2022-04-29,5308.35,277.2,95.24,64.59,0.0,0.0
119,2022-04-30,7101.17,295.19,326.96,309.82,0.0,0.0
120,2022-05-01,5905.28,208.41,71.97,83.62,0.0,0.0
121,2022-05-02,6633.26,57.79,99.09,75.6,0.0,0.0
122,2022-05-03,5816.11,231.4,51.29,83.71,0.0,0.0
123,2022-05-04,3702.75,43.01,0.0,0.0,0.0,0.0
124,2022-05-05,7088.29,141.82,42.23,93.04,0.0,0.0
125,2022-05-06,5580.23,371.17,104.36,38.87,0.0,0.0
126,2022-05-07,5672.25,0.0,165.49,52.4,0.0,0.0
127,2022-05-08,6161.24,92.29,145.37,0.0,0.0,0.0
128,2022-05-09,6075.14,105.86,78.08,73.49,0.0,0.0
129,2022-05-10,6962.31,73.71,80.58,90.17,0.0,0.0
130,2022-05-11,6228.04,39.33,89.1,74.44,0.0,0.0
131,2022-05-12,4745.19,103.89,79.01,0.0,0.0,0.0
132,2022-05-13,8024.85,52.71,152.77,56.48,0.0,0.0
133,2022-05-14,7051.82,172.21,416.02,110.14,0.0,0.0
134,2022-05-15,5530.45,74.65,78.29,38.34,0.0,0.0
135,2022-05-16,6997.55,252.67,36.62,45.05,0.0,0.0
136,2022-05-17,6074.37,62.31,78.21,86.34,0.0,0.0
137,2022-05-18,6900.35,82.17,383.91,94.76,0.0,0.0
138,2022-05-19,8353.96,162.42,49.97,47.77,0.0,0.0
139,2022-05-20,5662.81,47.63,214.72,54.64,0.0,0.0
140,2022-05-21,5895.24,148.54,283.93,29.85,0.0,0.0
141,2022-05-22,6369.39,288.02,75.21,60.84,0.0,0.0
142,2022-05-23,6989.91,40.39,118.63,103.73,0.0,0.0
143,2022-05-24,4776.05,123.75,234.27,89.85,0.0,0.0
144,2022-05-25,4039.38,135.09,73.49,89.75,0.0,0.0
145,2022-05-26,5508.78,192.48,85.47,71.4,0.0,0.0
146,2022-05-27,4132.55,59.62,71.32,72.45,0.0,0.0
147,2022-05-28,5123.77,76.55,74.88,0.0,0.0,0.0
148,2022-05-29,7044.71,239.8,97.63,153.91,0.0,0.0
149,2022-05-30,5218.48,166.93,55.68,103.89,0.0,0.0
150,2022-05-31,4854.72,167.94,123.85,112.26,0.0,0.0
151,2022-06-01,5848.59,122.68,53.29,42.07,0.0,0.0
152,2022-06-02,6508.68,66.27,98.3,15.86,0.0,0.0
153,2022-06-03,4287.35,114.55,33.9,111.63,0.0,0.0
154,2022-06-04,6908.91,154.45,137.77,56.42,0.0,0.0
155,2022-06-05,6807.69,84.38,187.43,44.86,0.0,0.0
156,2022-06-06,7281.37,305.22,26.55,87.86,0.0,0.0
157,2022-06-07,7167.22,132.4,110.18,45.85,0.0,0.0
158,2022-06-08,8349.29,48.75,183.93,109.68,0.0,0.0
159,2022-06-09,5630.76,147.74,42.54,84.16,0.0,0.0
160,2022-06-10,5982.44,55.52,238.88,0.0,0.0,0.0
161,2022-06-11,5737.23,207.69,145.56,33.35,0.0,0.0
162,2022-06-12,6583.74,259.55,73.62,156.78,0.0,0.0
163,2022-06-13,7346.22,60.88,82.9,68.24,0.0,0.0
164,2022-06-14,4731.18,177.57,118.7,46.79,0.0,0.0
165,2022-06-15,5099.88,127.61,87.98,63.7,0.0,0.0
166,2022-06-16,7651.75,244.69,172.45,30.23,0.0,0.0
167,2022-06-17,7910.67,466.3,71.14,112.24,0.0,0.0
168,2022-06-18,5853.66,167.65,176.27,61.63,0.0,0.0
169,2022-06-19,6588.56,123.57,0.0,50.81,0.0,0.0
170,2022-06-20,6152.67,87.62,113.01,35.33,0.0,0.0
171,2022-06-21,7746.48,91.57,69.95,171.88,0.0,0.0
172,2022-06-22,6075.25,149.78,81.09,63.52,0.0,0.0
173,2022-06-23,7725.27,0.0,277.37,243.87,0.0,0.0
174,2022-06-24,9159.9,202.82,266.54,73.72,0.0,0.0
175,2022-06-25,7455.87,382.8,272.02,49.56,0.0,0.0
176,2022-06-26,6356.81,244.64,102.78,73.66,0.0,0.0
177,2022-06-27,7323.03,464.5,132.06,0.0,0.0,0.0
178,2022-06-28,6391.05,172.04,346.65,109.11,0.0,0.0
179,2022-06-29,10841.22,1069.54,190.99,89.5,0.0,0.0
180,2022-06-30,8189.81,315.24,738.52,141.91,0.0,0.0
181,2022-07-01,10703.44,107.17,194.5,144.31,0.0,1.0
182,2022-07-02,11127.91,122.54,226.36,271.68,0.0,1.0
183,2022-07-03,13989.83,311.21,169.11,331.69,0.0,1.0
184,2022-07-04,11010.38,156.73,0.0,86.3,0.0,1.0
185,2022-07-05,10078.53,275.05,144.93,0.0,0.0,1.0
186,2022-07-06,11895.86,238.05,243.94,83.72,0.0,1.0
187,2022-07-07,9166.21,171.54,283.86,0.0,0.0,1.0
188,2022-07-08,10338.83,107.81,99.8,60.29,0.0,1.0
189,2022-07-09,10648.5,93.87,93.37,78.76,0.0,1.0
190,2022-07-10,12739.51,178.19,68.71,172.07,0.0,1.0
191,2022-07-11,10066.7,299.54,0.0,104.69,0.0,1.0
192,2022-07-12,9221.39,203.73,0.0,110.04,0.0,1.0
193,2022-07-13,8695.33,0.0,42.78,68.51,0.0,1.0
194,2022-07-14,9717.09,198.78,194.71,94.14,0.0,1.0
195,2022-07-15,7812.34,125.42,378.54,34.52,0.0,0.0
196,2022-07-16,7566.31,0.0,108.76,133.43,0.0,0.0
197,2022-07-17,6846.43,141.89,178.76,145.7,0.0,0.0
198,2022-07-18,7006.52,103.06,86.55,19.91,0.0,0.0
199,2022-07-19,5704.99,50.13,77.06,0.0,0.0,0.0
200,2022-07-20,5767.04,123.35,141.06,0.0,0.0,0.0
201,2022-07-21,5580.4,139.32,68.0,40.93,0.0,0.0
202,2022-07-22,5628.33,193.36,96.2,0.0,0.0,0.0
203,2022-07-23,4748.51,258.76,135.41,35.07,0.0,0.0
204,2022-07-24,5918.21,0.0,78.38,50.37,0.0,0.0
205,2022-07-25,5899.68,65.74,171.16,38.52,0.0,0.0
206,2022-07-26,6923.05,163.73,89.12,83.08,0.0,0.0
207,2022-07-27,6230.98,170.15,65.97,79.62,0.0,0.0
208,2022-07-28,5647.05,0.0,150.18,51.49,0.0,0.0
209,2022-07-29,8039.89,1358.6,66.53,91.63,0.0,0.0
210,2022-07-30,6598.65,255.33,157.89,80.01,0.0,0.0
211,2022-07-31,6758.89,0.0,161.44,97.71,0.0,0.0
212,2022-08-01,4929.09,176.34,166.88,0.0,0.0,0.0
213,2022-08-02,6508.59,147.05,116.71,136.62,0.0,0.0
214,2022-08-03,5933.69,82.33,87.16,0.0,0.0,0.0
215,2022-08-04,5656.81,156.85,145.41,100.75,0.0,0.0
216,2022-08-05,5697.25,62.56,205.9,99.74,0.0,0.0
217,2022-08-06,6316.22,112.18,162.83,40.05,0.0,0.0
218,2022-08-07,5163.71,96.64,117.28,130.48,0.0,0.0
219,2022-08-08,6597.06,104.47,40.73,154.67,0.0,0.0
220,2022-08-09,5573.42,398.83,47.06,31.37,0.0,0.0
221,2022-08-10,6766.88,32.44,73.82,35.51,0.0,0.0
222,2022-08-11,8453.64,150.12,0.0,113.51,0.0,0.0
223,2022-08-12,4845.78,37.79,0.0,72.61,0.0,0.0
224,2022-08-13,6761.4,97.4,116.27,111.77,0.0,0.0
225,2022-08-14,5300.85,0.0,152.89,98.58,0.0,0.0
226,2022-08-15,12255.62,186.03,146.18,140.79,0.0,1.0
227,2022-08-16,9194.19,93.75,202.2,50.29,0.0,1.0
228,2022-08-17,11892.91,116.53,155.57,209.16,0.0,1.0
229,2022-08-18,10872.63,269.08,45.39,225.29,0.0,1.0
230,2022-08-19,10247.92,115.47,84.01,97.41,0.0,1.0
231,2022-08-20,10017.59,264.92,0.0,141.71,0.0,1.0
232,2022-08-21,11533.37,239.1,92.29,58.1,0.0,1.0
233,2022-08-22,10440.96,122.8,213.38,154.83,0.0,1.0
234,2022-08-23,14687.27,688.47,391.8,168.09,0.0,1.0
235,2022-08-24,11787.97,290.89,341.32,120.23,0.0,1.0
236,2022-08-25,11395.14,61.57,151.84,255.92,0.0,1.0
237,2022-08-26,12390.26,241.75,443.43,111.23,0.0,1.0
238,2022-08-27,11694.27,196.48,270.57,258.11,0.0,1.0
239,2022-08-28,12682.51,506.16,212.14,103.7,0.0,1.0
240,2022-08-29,12129.91,0.0,144.93,150.53,0.0,1.0
241,2022-08-30,9908.37,0.0,182.84,142.56,0.0,1.0
242,2022-08-31,12881.41,351.22,0.0,187.62,0.0,1.0
243,2022-09-01,12388.58,300.75,0.0,90.64,0.0,1.0
244,2022-09-02,9630.16,0.0,176.95,104.65,0.0,1.0
245,2022-09-03,10739.63,190.27,210.59,241.89,0.0,1.0
246,2022-09-04,11839.8,174.88,274.4,113.49,0.0,1.0
247,2022-09-05,10540.12,120.87,332.56,43.31,0.0,1.0
248,2022-09-06,8928.23,286.62,159.92,180.41,0.0,0.0
249,2022-09-07,6339.42,126.7,37.05,144.79,0.0,0.0
250,2022-09-08,4844.61,46.63,19.43,29.14,0.0,0.0
251,2022-09-09,5325.03,172.35,156.71,95.78,0.0,0.0
252,2022-09-10,6819.65,0.0,50.85,60.93,0.0,0.0
253,2022-09-11,5939.81,239.98,100.04,96.6,0.0,0.0
254,2022-09-12,5906.71,39.93,43.23,75.76,0.0,0.0
255,2022-09-13,6791.07,74.3,29.29,55.22,0.0,0.0
256,2022-09-14,5782.13,212.46,118.3,39.75,0.0,0.0
257,2022-09-15,5924.29,64.97,133.5,42.08,0.0,0.0
258,2022-09-16,6209.87,194.48,89.05,55.17,0.0,0.0
259,2022-09-17,7140.03,308.32,34.3,75.52,0.0,0.0
260,2022-09-18,6927.53,111.07,116.26,119.59,0.0,0.0
261,2022-09-19,5723.66,0.0,156.36,62.4,0.0,0.0
262,2022-09-20,6170.11,21.31,50.79,144.48,0.0,0.0
263,2022-09-21,6380.11,80.58,137.74,234.43,0.0,0.0
264,2022-09-22,4756.56,134.43,128.71,71.27,0.0,0.0
265,2022-09-23,6684.97,77.51,193.56,122.2,0.0,0.0
266,2022-09-24,9779.6,593.09,201.0,194.33,0.0,0.0
267,2022-09-25,5734.13,98.53,109.79,199.62,0.0,0.0
268,2022-09-26,6092.33,143.0,326.5,126.24,0.0,0.0
269,2022-09-27,6075.62,209.45,152.17,196.05,0.0,0.0
270,2022-09-28,6815.15,0.0,0.0,174.3,0.0,0.0
271,2022-09-29,6530.81,88.11,105.18,64.46,0.0,0.0
272,2022-09-30,7455.54,433.99,147.65,236.56,0.0,0.0
273,2022-10-01,9337.84,207.8,109.33,228.92,0.0,0.0
274,2022-10-02,9713.6,114.61,168.9,85.11,0.0,0.0
275,2022-10-03,8003.37,209.61,0.0,105.98,0.0,0.0
276,2022-10-04,9972.22,179.0,63.95,156.24,0.0,0.0
277,2022-10-05,10282.93,110.81,55.45,91.54,0.0,0.0
278,2022-10-06,9319.84,165.64,353.07,197.75,0.0,0.0
279,2022-10-07,9087.71,0.0,128.59,429.44,0.0,0.0
280,2022-10-08,11367.07,221.03,126.39,84.42,0.0,0.0
281,2022-10-09,9738.26,307.18,350.42,59.13,0.0,0.0
282,2022-10-10,10973.64,411.32,99.71,0.0,0.0,0.0
283,2022-10-11,10212.69,75.57,425.25,160.9,0.0,0.0
284,2022-10-12,10612.74,571.08,211.52,90.95,0.0,0.0
285,2022-10-13,10435.36,49.23,104.04,250.05,0.0,0.0
286,2022-10-14,8339.61,144.98,0.0,46.87,0.0,0.0
287,2022-10-15,10550.79,293.82,123.53,206.37,0.0,0.0
288,2022-10-16,9789.05,244.33,274.85,94.76,0.0,0.0
289,2022-10-17,9096.02,109.28,160.84,294.43,0.0,0.0
290,2022-10-18,11278.41,140.14,291.72,347.18,0.0,0.0
291,2022-10-19,9634.99,118.12,339.51,66.37,0.0,0.0
292,2022-10-20,9375.44,111.48,135.35,75.67,0.0,0.0
293,2022-10-21,8961.01,264.32,84.51,176.42,0.0,0.0
294,2022-10-22,11778.51,259.39,231.43,110.22,0.0,0.0
295,2022-10-23,10401.32,0.0,123.1,141.89,0.0,0.0
296,2022-10-24,11812.07,302.65,500.96,119.18,0.0,0.0
297,2022-10-25,9418.57,221.36,170.95,38.75,0.0,0.0
298,2022-10-26,8471.02,312.3,133.05,126.78,0.0,0.0
299,2022-10-27,11429.33,0.0,194.49,87.98,0.0,0.0
300,2022-10-28,9373.32,125.94,0.0,102.9,0.0,0.0
301,2022-10-29,8735.37,199.51,139.01,0.0,0.0,0.0
302,2022-10-30,11635.78,452.8,535.39,91.06,0.0,0.0
303,2022-10-31,11936.15,331.9,141.08,251.09,0.0,0.0
304,2022-11-01,9250.94,0.0,77.6,90.0,0.0,0.0
305,2022-11-02,11197.17,170.27,201.93,90.04,0.0,0.0
306,2022-11-03,11281.76,341.57,0.0,171.28,0.0,0.0
307,2022-11-04,7944.5,111.27,0.0,0.0,0.0,0.0
308,2022-11-05,9472.83,286.43,348.26,0.0,0.0,0.0
309,2022-11-06,11362.99,182.71,121.45,248.42,0.0,0.0
310,2022-11-07,6719.41,139.24,0.0,87.7,0.0,0.0
311,2022-11-08,10351.39,306.75,358.75,74.17,0.0,0.0
312,2022-11-09,8399.05,260.34,119.22,55.9,0.0,0.0
313,2022-11-10,8817.25,0.0,123.42,65.38,0.0,0.0
314,2022-11-11,12356.55,347.22,315.29,630.11,0.0,0.0
315,2022-11-12,10559.78,208.85,255.35,294.87,0.0,0.0
316,2022-11-13,9649.97,310.48,238.0,62.18,0.0,0.0
317,2022-11-14,9175.27,131.68,505.52,48.7,0.0,0.0
318,2022-11-15,11833.8,0.0,92.9,143.92,0.0,0.0
319,2022-11-16,12038.0,146.7,236.65,149.81,0.0,0.0
320,2022-11-17,8871.3,168.12,139.49,150.1,0.0,0.0
321,2022-11-18,10896.57,226.67,0.0,0.0,0.0,0.0
322,2022-11-19,10030.43,126.19,435.75,130.44,0.0,0.0
323,2022-11-20,10061.02,0.0,236.27,171.37,0.0,0.0
324,2022-11-21,9745.71,86.72,185.58,114.11,0.0,0.0
325,2022-11-22,8972.3,80.36,269.77,30.08,0.0,0.0
326,2022-11-23,11222.33,349.47,120.1,104.05,0.0,0.0
327,2022-11-24,10081.72,293.23,95.25,74.99,0.0,0.0
328,2022-11-25,36182.36,691.77,221.76,362.51,1.0,0.0
329,2022-11-26,63608.16,939.12,174.56,2652.31,1.0,0.0
330,2022-11-27,49083.38,664.99,2050.37,574.02,1.0,0.0
331,2022-11-28,29951.89,0.0,248.67,305.01,1.0,0.0
332,2022-11-29,10768.03,232.29,176.88,265.75,0.0,0.0
333,2022-11-30,9181.4,153.12,178.82,211.68,0.0,0.0
334,2022-12-01,17824.88,512.25,317.65,0.0,0.0,1.0
335,2022-12-02,19834.96,0.0,433.61,283.62,0.0,1.0
336,2022-12-03,22963.38,226.04,0.0,880.72,0.0,1.0
337,2022-12-04,17913.18,305.87,245.17,130.22,0.0,1.0
338,2022-12-05,18959.63,365.53,242.13,262.56,0.0,1.0
339,2022-12-06,19588.13,203.43,316.56,113.45,0.0,1.0
340,2022-12-07,18895.23,174.2,229.29,276.28,0.0,1.0
341,2022-12-08,19194.15,330.2,694.37,114.19,0.0,1.0
342,2022-12-09,17156.0,330.44,352.82,154.4,0.0,1.0
343,2022-12-10,18737.66,0.0,526.44,216.2,0.0,1.0
344,2022-12-11,21776.31,279.53,499.42,463.89,0.0,1.0
345,2022-12-12,19750.06,327.85,516.67,345.08,0.0,1.0
346,2022-12-13,17408.61,119.63,281.96,94.27,0.0,1.0
347,2022-12-14,16950.44,122.58,115.04,205.92,0.0,1.0
348,2022-12-15,17523.54,185.33,315.51,130.28,0.0,1.0
349,2022-12-16,14731.81,250.92,166.64,93.81,0.0,1.0
350,2022-12-17,19697.19,670.16,0.0,342.03,0.0,1.0
351,2022-12-18,25513.17,1347.7,675.9,324.07,0.0,1.0
352,2022-12-19,25800.19,715.61,0.0,1287.71,0.0,1.0
353,2022-12-20,20439.35,388.59,369.79,389.66,0.0,1.0
354,2022-12-21,18267.79,422.86,440.57,131.61,0.0,1.0
355,2022-12-22,19753.74,237.77,1036.14,0.0,0.0,1.0
356,2022-12-23,18096.05,449.57,454.72,0.0,0.0,1.0
357,2022-12-24,34862.92,519.59,2569.45,1525.57,0.0,1.0
358,2022-12-25,12454.79,434.7,443.26,97.63,0.0,0.0
359,2022-12-26,10660.02,174.72,88.88,65.65,0.0,0.0
360,2022-12-27,12614.9,407.62,422.33,648.72,0.0,0.0
361,2022-12-28,11847.8,777.54,354.57,0.0,0.0,0.0
362,2022-12-29,11428.03,301.15,640.71,0.0,0.0,0.0
363,2022-12-30,12737.5,423.68,462.61,325.47,0.0,0.0
364,2022-12-31,9782.71,677.43,385.3,65.38,0.0,0.0
365,2023-01-01,5856.31,0.0,46.46,73.29,0.0,0.0
366,2023-01-02,4503.97,90.56,66.0,68.56,0.0,0.0
367,2023-01-03,4766.73,79.77,45.02,98.15,0.0,0.0
368,2023-01-04,7522.74,83.94,52.96,30.71,0.0,0.0
369,2023-01-05,5338.72,49.78,106.61,59.45,0.0,0.0
370,2023-01-06,4812.93,80.33,203.21,32.44,0.0,0.0
371,2023-01-07,3164.74,138.74,122.22,85.73,0.0,0.0
372,2023-01-08,6670.51,245.78,46.73,43.02,0.0,0.0
373,2023-01-09,3304.32,0.0,0.0,44.37,0.0,0.0
374,2023-01-10,4405.94,288.07,148.32,0.0,0.0,0.0
375,2023-01-11,4577.26,0.0,49.68,83.93,0.0,0.0
376,2023-01-12,6695.21,133.57,65.42,95.13,0.0,0.0
377,2023-01-13,5390.99,0.0,70.83,0.0,0.0,0.0
378,2023-01-14,5575.4,382.75,56.48,75.74,0.0,0.0
379,2023-01-15,5307.77,63.34,132.43,31.07,0.0,0.0
380,2023-01-16,4299.29,47.81,63.82,47.66,0.0,0.0
381,2023-01-17,5133.13,55.22,87.9,55.4,0.0,0.0
382,2023-01-18,5778.72,22.12,40.04,275.37,0.0,0.0
383,2023-01-19,5799.18,57.71,52.47,29.35,0.0,0.0
384,2023-01-20,6315.18,50.17,105.51,137.82,0.0,0.0
385,2023-01-21,5770.28,112.56,0.0,135.48,0.0,0.0
386,2023-01-22,4980.37,0.0,257.18,89.52,0.0,0.0
387,2023-01-23,6614.81,259.17,58.35,175.28,0.0,0.0
388,2023-01-24,4895.34,0.0,89.57,79.83,0.0,0.0
389,2023-01-25,4177.23,64.89,144.43,84.24,0.0,0.0
390,2023-01-26,4484.04,55.74,0.0,67.36,0.0,0.0
391,2023-01-27,5476.79,133.5,0.0,150.85,0.0,0.0
392,2023-01-28,5644.48,60.76,49.88,0.0,0.0,0.0
393,2023-01-29,6083.69,417.5,278.15,69.77,0.0,0.0
394,2023-01-30,4088.33,224.93,75.19,36.7,0.0,0.0
395,2023-01-31,6101.58,86.53,505.86,74.24,0.0,0.0
396,2023-02-01,4935.83,28.29,53.82,35.82,0.0,0.0
397,2023-02-02,5482.44,178.17,84.54,55.77,0.0,0.0
398,2023-02-03,6476.67,73.82,190.96,121.84,0.0,0.0
399,2023-02-04,6915.76,216.02,327.36,57.35,0.0,0.0
400,2023-02-05,5000.07,39.49,337.15,73.61,0.0,0.0
401,2023-02-06,4577.45,55.18,154.58,60.21,0.0,0.0
402,2023-02-07,4316.36,79.31,137.4,96.83,0.0,0.0
403,2023-02-08,5665.93,81.32,105.15,15.13,0.0,0.0
404,2023-02-09,6493.75,60.34,116.45,40.52,0.0,0.0
405,2023-02-10,4570.82,0.0,51.92,66.25,0.0,0.0
406,2023-02-11,5132.76,54.15,56.92,156.01,0.0,0.0
407,2023-02-12,6599.29,94.34,91.91,56.58,0.0,0.0
408,2023-02-13,5411.19,84.96,63.39,18.98,0.0,0.0
409,2023-02-14,9885.81,193.71,0.0,152.92,0.0,1.0
410,2023-02-15,3959.03,121.13,105.16,40.04,0.0,0.0
411,2023-02-16,5639.84,40.25,122.32,28.74,0.0,0.0
412,2023-02-17,3965.84,31.48,72.57,40.38,0.0,0.0
413,2023-02-18,4563.64,221.12,217.17,68.41,0.0,0.0
414,2023-02-19,4755.7,125.39,45.23,53.22,0.0,0.0
415,2023-02-20,4008.88,0.0,0.0,16.02,0.0,0.0
416,2023-02-21,5310.19,215.43,48.82,108.55,0.0,0.0
417,2023-02-22,3925.98,95.58,25.92,143.08,0.0,0.0
418,2023-02-23,6478.03,189.51,79.95,103.2,0.0,0.0
419,2023-02-24,6196.76,101.66,82.49,36.91,0.0,0.0
420,2023-02-25,4540.23,455.94,301.69,87.87,0.0,0.0
421,2023-02-26,5894.86,0.0,187.01,0.0,0.0,0.0
422,2023-02-27,4527.75,95.0,55.98,118.55,0.0,0.0
423,2023-02-28,6362.27,205.17,0.0,128.46,0.0,0.0
424,2023-03-01,5206.7,116.34,156.83,38.22,0.0,0.0
425,2023-03-02,5215.06,179.55,0.0,62.43,0.0,0.0
426,2023-03-03,4911.35,44.27,66.5,78.27,0.0,0.0
427,2023-03-04,6960.67,154.96,55.82,185.4,0.0,0.0
428,2023-03-05,4373.45,193.74,79.43,118.23,0.0,0.0
429,2023-03-06,5910.42,27.49,146.54,95.77,0.0,0.0
430,2023-03-07,6480.94,38.83,235.34,62.78,0.0,0.0
431,2023-03-08,5881.31,23.23,0.0,139.29,0.0,0.0
432,2023-03-09,7448.17,67.18,55.93,76.48,0.0,0.0
433,2023-03-10,4511.49,121.44,37.98,35.71,0.0,0.0
434,2023-03-11,6273.13,252.81,104.2,0.0,0.0,0.0
435,2023-03-12,5163.54,107.3,0.0,118.51,0.0,0.0
436,2023-03-13,6607.19,209.76,87.63,46.02,0.0,0.0
437,2023-03-14,4937.94,34.49,65.42,45.06,0.0,0.0
438,2023-03-15,4630.14,28.41,53.56,71.85,0.0,0.0
439,2023-03-16,6408.4,76.35,27.0,79.48,0.0,0.0
440,2023-03-17,5080.92,149.09,142.63,101.73,0.0,0.0
441,2023-03-18,4242.04,150.93,98.56,141.74,0.0,0.0
442,2023-03-19,5596.55,44.52,67.11,326.39,0.0,0.0
443,2023-03-20,6164.53,112.22,18.59,172.36,0.0,0.0
444,2023-03-21,6491.41,54.12,0.0,101.69,0.0,0.0
445,2023-03-22,6318.13,179.48,308.38,162.01,0.0,0.0
446,2023-03-23,7027.16,156.77,304.31,51.98,0.0,0.0
447,2023-03-24,4073.24,74.84,90.01,128.32,0.0,0.0
448,2023-03-25,6286.53,131.1,113.0,406.38,0.0,0.0
449,2023-03-26,5458.52,98.45,226.16,125.54,0.0,0.0
450,2023-03-27,5204.89,143.21,75.84,68.9,0.0,0.0
451,2023-03-28,5934.11,273.9,173.67,80.54,0.0,0.0
452,2023-03-29,5724.74,88.64,0.0,64.3,0.0,0.0
453,2023-03-30,5144.84,0.0,331.29,80.04,0.0,0.0
454,2023-03-31,5747.64,124.82,155.79,106.26,0.0,0.0
455,2023-04-01,6261.61,79.66,110.07,42.7,0.0,0.0
456,2023-04-02,5629.25,120.21,73.76,100.27,0.0,0.0
457,2023-04-03,6393.42,52.98,58.65,131.42,0.0,0.0
458,2023-04-04,6102.81,70.72,84.11,44.4,0.0,0.0
459,2023-04-05,5824.26,0.0,119.89,0.0,0.0,0.0
460,2023-04-06,7233.48,320.45,165.76,104.19,0.0,0.0
461,2023-04-07,6737.01,100.69,58.84,142.45,0.0,0.0
462,2023-04-08,6386.97,84.21,301.14,67.3,0.0,0.0
463,2023-04-09,8223.98,145.7,103.62,166.92,0.0,0.0
464,2023-04-10,5124.31,92.14,91.72,39.97,0.0,0.0
465,2023-04-11,5331.07,86.32,58.74,0.0,0.0,0.0
466,2023-04-12,9228.1,142.47,21.26,85.48,0.0,0.0
467,2023-04-13,5348.68,155.26,153.24,0.0,0.0,0.0
468,2023-04-14,4980.0,71.68,139.03,38.15,0.0,0.0
469,2023-04-15,7112.58,90.68,97.36,58.75,0.0,0.0
470,2023-04-16,4142.02,108.61,119.26,0.0,0.0,0.0
471,2023-04-17,5983.9,24.76,119.6,43.85,0.0,0.0
472,2023-04-18,8410.32,39.7,0.0,102.36,0.0,0.0
473,2023-04-19,4959.61,223.73,63.78,34.17,0.0,0.0
474,2023-04-20,4620.07,264.35,141.47,0.0,0.0,0.0
475,2023-04-21,4680.42,84.84,41.58,37.11,0.0,0.0
476,2023-04-22,7958.46,190.05,144.64,147.93,0.0,0.0
477,2023-04-23,8032.82,169.79,56.77,162.1,0.0,0.0
478,2023-04-24,7071.79,718.52,137.62,0.0,0.0,0.0
479,2023-04-25,7709.33,231.39,107.36,132.75,0.0,0.0
480,2023-04-26,7497.18,114.02,43.82,0.0,0.0,0.0
481,2023-04-27,8513.35,72.17,244.17,73.54,0.0,0.0
482,2023-04-28,6044.1,50.71,81.95,57.66,0.0,0.0
483,2023-04-29,4312.14,202.51,106.55,43.9,0.0,0.0
484,2023-04-30,6384.23,117.91,203.97,182.21,0.0,0.0
485,2023-05-01,5572.17,41.95,0.0,30.68,0.0,0.0
486,2023-05-02,6120.91,66.81,52.71,83.14,0.0,0.0
487,2023-05-03,6086.0,0.0,100.85,67.09,0.0,0.0
488,2023-05-04,8237.6,270.95,125.74,118.22,0.0,0.0
489,2023-05-05,7642.54,0.0,147.09,65.68,0.0,0.0
490,2023-05-06,5965.67,0.0,0.0,84.06,0.0,0.0
491,2023-05-07,8420.17,311.02,100.28,159.06,0.0,0.0
492,2023-05-08,6493.31,103.12,58.09,0.0,0.0,0.0
493,2023-05-09,6583.55,58.71,99.66,95.52,0.0,0.0
494,2023-05-10,7761.55,245.49,49.27,104.8,0.0,0.0
495,2023-05-11,6325.57,136.0,16.08,31.5,0.0,0.0
496,2023-05-12,8723.08,52.82,119.38,124.76,0.0,0.0
497,2023-05-13,5621.46,114.14,203.43,148.87,0.0,0.0
498,2023-05-14,5738.41,75.65,28.39,56.06,0.0,0.0
499,2023-05-15,6149.51,42.93,48.81,68.62,0.0,0.0
500,2023-05-16,6815.52,0.0,128.93,77.66,0.0,0.0
501,2023-05-17,8622.45,309.42,304.33,73.41,0.0,0.0
502,2023-05-18,6280.6,42.52,0.0,97.32,0.0,0.0
503,2023-05-19,5571.92,137.93,57.12,188.19,0.0,0.0
504,2023-05-20,7859.73,86.56,103.25,198.53,0.0,0.0
505,2023-05-21,7477.21,95.48,264.16,47.25,0.0,0.0
506,2023-05-22,4632.52,69.95,61.73,117.8,0.0,0.0
507,2023-05-23,6845.93,62.26,59.49,188.78,0.0,0.0
508,2023-05-24,5085.75,112.55,75.93,112.25,0.0,0.0
509,2023-05-25,6167.05,69.29,60.37,178.89,0.0,0.0
510,2023-05-26,6804.94,139.76,121.23,324.18,0.0,0.0
511,2023-05-27,8797.16,155.88,407.94,242.43,0.0,0.0
512,2023-05-28,7310.14,144.55,195.99,158.34,0.0,0.0
513,2023-05-29,5784.4,77.2,111.72,203.81,0.0,0.0
514,2023-05-30,7667.38,97.52,113.89,123.11,0.0,0.0
515,2023-05-31,5485.62,224.35,55.29,118.55,0.0,0.0
516,2023-06-01,6798.12,132.81,166.19,0.0,0.0,0.0
517,2023-06-02,6192.72,54.69,93.59,206.29,0.0,0.0
518,2023-06-03,6270.38,135.67,114.44,64.29,0.0,0.0
519,2023-06-04,8585.05,200.62,864.73,0.0,0.0,0.0
520,2023-06-05,7139.18,36.11,116.71,109.27,0.0,0.0
521,2023-06-06,7745.8,136.2,61.79,35.0,0.0,0.0
522,2023-06-07,6479.04,66.06,74.57,101.12,0.0,0.0
523,2023-06-08,6545.6,138.43,0.0,23.03,0.0,0.0
524,2023-06-09,6241.23,62.18,101.24,118.26,0.0,0.0
525,2023-06-10,6976.55,43.27,51.36,179.82,0.0,0.0
526,2023-06-11,7118.57,48.12,209.2,74.16,0.0,0.0
527,2023-06-12,6458.03,101.16,61.48,87.74,0.0,0.0
528,2023-06-13,5936.81,114.85,279.94,263.39,0.0,0.0
529,2023-06-14,6895.57,57.12,172.59,60.26,0.0,0.0
530,2023-06-15,6843.35,144.15,68.61,43.28,0.0,0.0
531,2023-06-16,7091.03,54.39,289.07,298.36,0.0,0.0
532,2023-06-17,7472.32,184.15,181.12,518.08,0.0,0.0
533,2023-06-18,8560.95,0.0,290.15,160.08,0.0,0.0
534,2023-06-19,7853.07,99.67,179.43,225.63,0.0,0.0
535,2023-06-20,7109.68,151.62,0.0,275.28,0.0,0.0
536,2023-06-21,5427.99,87.94,92.23,78.91,0.0,0.0
537,2023-06-22,6233.19,122.84,266.54,96.77,0.0,0.0
538,2023-06-23,8049.5,296.44,124.31,0.0,0.0,0.0
539,2023-06-24,8786.72,155.82,163.81,507.57,0.0,0.0
540,2023-06-25,7508.17,379.47,124.1,270.38,0.0,0.0
541,2023-06-26,7433.92,93.5,229.85,91.25,0.0,0.0
542,2023-06-27,9157.5,263.17,645.55,530.49,0.0,0.0
543,2023-06-28,9105.31,472.28,103.43,121.71,0.0,0.0
544,2023-06-29,8363.45,46.8,208.13,142.08,0.0,0.0
545,2023-06-30,6742.23,132.4,498.84,0.0,0.0,0.0
546,2023-07-01,14837.12,324.83,220.22,492.73,0.0,1.0
547,2023-07-02,11515.62,203.4,303.76,324.0,0.0,1.0
548,2023-07-03,9666.1,220.81,94.19,0.0,0.0,1.0
549,2023-07-04,10906.4,0.0,229.97,197.51,0.0,1.0
550,2023-07-05,12483.12,186.13,158.37,153.67,0.0,1.0
551,2023-07-06,12892.23,160.94,318.31,209.45,0.0,1.0
552,2023-07-07,11444.84,356.05,356.67,32.88,0.0,1.0
553,2023-07-08,14615.09,0.0,1066.3,163.33,0.0,1.0
554,2023-07-09,14245.04,281.25,316.24,225.75,0.0,1.0
555,2023-07-10,12302.55,137.98,206.81,75.38,0.0,1.0
556,2023-07-11,10605.02,131.85,189.2,189.78,0.0,1.0
557,2023-07-12,11805.24,136.27,134.89,133.26,0.0,1.0
558,2023-07-13,11749.11,0.0,0.0,432.32,0.0,1.0
559,2023-07-14,14661.54,137.2,137.33,387.84,0.0,1.0
560,2023-07-15,7613.88,151.78,130.22,82.5,0.0,0.0
561,2023-07-16,6862.2,443.09,258.41,99.75,0.0,0.0
562,2023-07-17,5931.72,165.47,49.19,80.42,0.0,0.0
563,2023-07-18,5728.39,0.0,0.0,64.17,0.0,0.0
564,2023-07-19,4472.09,201.69,198.89,0.0,0.0,0.0
565,2023-07-20,6807.51,76.79,84.47,53.49,0.0,0.0
566,2023-07-21,5942.48,28.88,25.56,42.82,0.0,0.0
567,2023-07-22,7890.23,70.65,84.3,161.83,0.0,0.0
568,2023-07-23,6188.1,44.11,279.62,170.4,0.0,0.0
569,2023-07-24,5944.95,88.27,102.93,58.03,0.0,0.0
570,2023-07-25,5495.86,115.0,60.44,168.04,0.0,0.0
571,2023-07-26,6078.31,323.94,85.61,70.09,0.0,0.0
572,2023-07-27,6002.88,149.91,201.63,124.07,0.0,0.0
573,2023-07-28,8297.73,112.19,177.15,181.24,0.0,0.0
574,2023-07-29,6765.87,283.73,150.24,146.51,0.0,0.0
575,2023-07-30,7326.1,47.41,145.01,203.6,0.0,0.0
576,2023-07-31,6526.94,163.75,114.18,90.55,0.0,0.0
577,2023-08-01,5441.94,155.69,57.41,75.74,0.0,0.0
578,2023-08-02,6415.75,40.37,263.27,0.0,0.0,0.0
579,2023-08-03,7358.02,194.71,82.17,54.54,0.0,0.0
580,2023-08-04,5748.81,120.1,206.17,76.84,0.0,0.0
581,2023-08-05,7818.18,99.32,319.89,43.9,0.0,0.0
582,2023-08-06,5844.29,186.26,0.0,82.87,0.0,0.0
583,2023-08-07,6732.3,382.78,75.04,72.21,0.0,0.0
584,2023-08-08,7275.7,109.3,122.71,73.53,0.0,0.0
585,2023-08-09,6035.69,113.74,93.97,74.25,0.0,0.0
586,2023-08-10,6612.97,74.39,54.88,82.77,0.0,0.0
587,2023-08-11,6256.26,58.85,0.0,114.63,0.0,0.0
588,2023-08-12,7447.72,209.63,59.36,189.06,0.0,0.0
589,2023-08-13,4535.19,76.21,243.67,75.82,0.0,0.0
590,2023-08-14,4661.85,102.27,69.13,41.88,0.0,0.0
591,2023-08-15,11833.72,132.4,0.0,83.11,0.0,1.0
592,2023-08-16,13485.63,235.04,193.71,116.05,0.0,1.0
593,2023-08-17,10604.57,0.0,139.96,125.97,0.0,1.0
594,2023-08-18,12542.12,328.59,233.06,98.11,0.0,1.0
595,2023-08-19,11725.98,168.78,0.0,93.1,0.0,1.0
596,2023-08-20,13851.51,194.92,363.54,154.25,0.0,1.0
597,2023-08-21,9989.22,97.99,74.55,174.1,0.0,1.0
598,2023-08-22,12020.51,136.99,184.73,226.59,0.0,1.0
599,2023-08-23,12625.76,234.96,580.23,0.0,0.0,1.0
600,2023-08-24,13310.72,308.49,105.12,135.8,0.0,1.0
601,2023-08-25,14309.29,117.54,134.55,104.22,0.0,1.0
602,2023-08-26,12911.51,466.38,376.26,0.0,0.0,1.0
603,2023-08-27,13322.39,649.27,323.14,154.12,0.0,1.0
604,2023-08-28,13724.65,294.68,0.0,289.17,0.0,1.0
605,2023-08-29,12672.27,0.0,326.92,0.0,0.0,1.0
606,2023-08-30,13460.05,155.24,371.12,177.8,0.0,1.0
607,2023-08-31,11699.78,121.07,0.0,273.68,0.0,1.0
608,2023-09-01,12201.03,60.6,231.98,0.0,0.0,1.0
609,2023-09-02,21055.36,561.99,203.69,1032.46,0.0,1.0
610,2023-09-03,13459.75,339.14,351.11,253.32,0.0,1.0
611,2023-09-04,13798.49,170.38,560.89,86.56,0.0,1.0
612,2023-09-05,13605.1,208.37,164.48,149.44,0.0,1.0
613,2023-09-06,7432.19,0.0,54.67,30.31,0.0,0.0
614,2023-09-07,7566.02,424.49,188.82,83.92,0.0,0.0
615,2023-09-08,6281.74,105.73,89.51,53.48,0.0,0.0
616,2023-09-09,8438.51,135.82,33.62,198.66,0.0,0.0
617,2023-09-10,5558.4,0.0,203.85,82.56,0.0,0.0
618,2023-09-11,6727.98,130.56,0.0,0.0,0.0,0.0
619,2023-09-12,5309.63,111.89,87.84,60.42,0.0,0.0
620,2023-09-13,8502.99,60.88,112.5,251.35,0.0,0.0
621,2023-09-14,6543.42,129.79,102.92,73.09,0.0,0.0
622,2023-09-15,9326.74,302.54,140.23,266.36,0.0,0.0
623,2023-09-16,8873.24,427.53,137.61,282.18,0.0,0.0
624,2023-09-17,7288.06,496.03,243.76,231.41,0.0,0.0
625,2023-09-18,8618.37,107.94,118.51,166.45,0.0,0.0
626,2023-09-19,8894.07,81.0,217.18,169.13,0.0,0.0
627,2023-09-20,7773.4,136.01,203.36,42.04,0.0,0.0
628,2023-09-21,6232.16,151.65,80.97,113.16,0.0,0.0
629,2023-09-22,7918.6,296.9,288.91,233.44,0.0,0.0
630,2023-09-23,7440.84,75.96,150.29,186.1,0.0,0.0
631,2023-09-24,7562.12,548.86,355.7,86.3,0.0,0.0
632,2023-09-25,9188.25,160.04,221.39,156.11,0.0,0.0
633,2023-09-26,9644.05,141.87,562.51,466.94,0.0,0.0
634,2023-09-27,5498.72,103.85,171.14,369.44,0.0,0.0
635,2023-09-28,6886.12,73.33,165.82,0.0,0.0,0.0
636,2023-09-29,8271.7,336.33,210.52,333.82,0.0,0.0
637,2023-09-30,7953.39,288.75,239.64,204.01,0.0,0.0
638,2023-10-01,10519.3,93.74,341.82,67.33,0.0,0.0
639,2023-10-02,11130.42,71.88,61.58,82.75,0.0,0.0
640,2023-10-03,12659.98,127.81,0.0,368.38,0.0,0.0
641,2023-10-04,11559.54,425.55,84.79,122.47,0.0,0.0
642,2023-10-05,10217.42,133.78,282.53,0.0,0.0,0.0
643,2023-10-06,11213.25,63.43,442.05,120.8,0.0,0.0
644,2023-10-07,13010.92,175.34,191.57,589.79,0.0,0.0
645,2023-10-08,11776.13,172.52,182.47,499.57,0.0,0.0
646,2023-10-09,12716.91,30.99,0.0,548.93,0.0,0.0
647,2023-10-10,11652.48,151.27,305.73,131.92,0.0,0.0
648,2023-10-11,12452.33,136.05,86.5,173.45,0.0,0.0
649,2023-10-12,12048.24,237.28,172.76,58.52,0.0,0.0
650,2023-10-13,10523.2,473.83,267.17,0.0,0.0,0.0
651,2023-10-14,11772.4,399.31,0.0,93.96,0.0,0.0
652,2023-10-15,10473.2,172.85,215.45,215.83,0.0,0.0
653,2023-10-16,11431.13,80.43,269.77,75.53,0.0,0.0
654,2023-10-17,11220.17,731.63,29.3,102.57,0.0,0.0
655,2023-10-18,9095.59,0.0,0.0,88.44,0.0,0.0
656,2023-10-19,10977.49,157.51,101.34,101.58,0.0,0.0
657,2023-10-20,7940.18,153.95,50.45,105.95,0.0,0.0
658,2023-10-21,9585.64,228.66,269.88,137.11,0.0,0.0
659,2023-10-22,12256.17,188.88,464.17,318.95,0.0,0.0
660,2023-10-23,10728.71,117.65,152.71,80.42,0.0,0.0
661,2023-10-24,9641.83,124.99,0.0,0.0,0.0,0.0
662,2023-10-25,10074.4,177.56,0.0,354.19,0.0,0.0
663,2023-10-26,10667.38,136.14,427.46,130.7,0.0,0.0
664,2023-10-27,12067.27,127.9,544.56,120.33,0.0,0.0
665,2023-10-28,12770.56,282.29,431.66,217.83,0.0,0.0
666,2023-10-29,10867.54,235.67,301.39,0.0,0.0,0.0
667,2023-10-30,13042.07,539.45,0.0,232.63,0.0,0.0
668,2023-10-31,11279.11,0.0,205.38,155.88,0.0,0.0
669,2023-11-01,10710.44,300.46,98.81,197.84,0.0,0.0
670,2023-11-02,11760.18,329.64,600.63,76.45,0.0,0.0
671,2023-11-03,9743.78,44.98,146.1,223.13,0.0,0.0
672,2023-11-04,11212.46,0.0,225.63,246.49,0.0,0.0
673,2023-11-05,12520.78,162.34,289.26,160.51,0.0,0.0
674,2023-11-06,11333.68,67.06,162.51,89.88,0.0,0.0
675,2023-11-07,12643.92,97.84,433.36,87.4,0.0,0.0
676,2023-11-08,10762.25,80.13,106.78,205.25,0.0,0.0
677,2023-11-09,12839.41,0.0,172.66,311.57,0.0,0.0
678,2023-11-10,10359.37,273.5,97.53,0.0,0.0,0.0
679,2023-11-11,13449.51,434.91,88.96,255.55,0.0,0.0
680,2023-11-12,10668.55,312.67,0.0,55.54,0.0,0.0
681,2023-11-13,11418.97,79.23,146.26,105.32,0.0,0.0
682,2023-11-14,12382.27,113.86,115.36,146.94,0.0,0.0
683,2023-11-15,10617.73,209.19,98.54,86.81,0.0,0.0
684,2023-11-16,10688.17,74.91,64.37,85.5,0.0,0.0
685,2023-11-17,12313.42,239.2,143.08,100.55,0.0,0.0
686,2023-11-18,11220.18,175.49,79.8,232.74,0.0,0.0
687,2023-11-19,10209.1,161.88,313.16,174.7,0.0,0.0
688,2023-11-20,12952.35,238.86,161.96,39.29,0.0,0.0
689,2023-11-21,10094.37,203.53,64.96,42.2,0.0,0.0
690,2023-11-22,11021.36,131.82,137.32,110.0,0.0,0.0
691,2023-11-23,12176.82,0.0,111.46,218.45,0.0,0.0
692,2023-11-24,34879.08,234.28,559.65,83.52,1.0,0.0
693,2023-11-25,42643.04,879.69,1413.95,0.0,1.0,0.0
694,2023-11-26,42538.11,903.82,215.6,448.25,1.0,0.0
695,2023-11-27,46186.48,0.0,572.83,1132.13,1.0,0.0
696,2023-11-28,11223.96,255.86,202.62,162.42,0.0,0.0
697,2023-11-29,12210.85,102.99,346.87,267.26,0.0,0.0
698,2023-11-30,12013.6,393.36,272.99,239.65,0.0,0.0
699,2023-12-01,16771.99,251.02,189.58,0.0,0.0,1.0
700,2023-12-02,24616.87,266.44,318.35,564.36,0.0,1.0
701,2023-12-03,22263.34,684.11,0.0,405.41,0.0,1.0
702,2023-12-04,23575.33,183.77,558.35,372.09,0.0,1.0
703,2023-12-05,39508.35,120.44,294.02,2895.19,0.0,1.0
704,2023-12-06,19974.75,110.19,899.71,78.69,0.0,1.0
705,2023-12-07,25159.04,403.31,274.49,774.06,0.0,1.0
706,2023-12-08,19385.67,130.03,184.22,231.66,0.0,1.0
707,2023-12-09,22893.28,1044.43,146.28,425.54,0.0,1.0
708,2023-12-10,21649.26,104.49,121.86,348.82,0.0,1.0
709,2023-12-11,19221.37,775.68,106.08,0.0,0.0,1.0
710,2023-12-12,18588.44,318.12,320.16,196.24,0.0,1.0
711,2023-12-13,22778.4,264.47,368.57,336.92,0.0,1.0
712,2023-12-14,18199.85,202.1,104.97,111.35,0.0,1.0
713,2023-12-15,22202.39,356.07,463.93,434.53,0.0,1.0
714,2023-12-16,19260.68,356.15,264.5,280.74,0.0,1.0
715,2023-12-17,26181.52,1059.26,581.7,274.64,0.0,1.0
716,2023-12-18,23044.68,450.09,1085.23,317.99,0.0,1.0
717,2023-12-19,25894.39,0.0,712.41,886.43,0.0,1.0
718,2023-12-20,20133.67,337.86,357.46,0.0,0.0,1.0
719,2023-12-21,23398.31,406.09,248.59,517.88,0.0,1.0
720,2023-12-22,18581.19,512.74,0.0,0.0,0.0,1.0
721,2023-12-23,24046.35,208.07,389.09,911.02,0.0,1.0
722,2023-12-24,25769.08,270.3,557.37,912.8,0.0,1.0
723,2023-12-25,14906.96,422.76,157.46,818.71,0.0,0.0
724,2023-12-26,11473.02,312.37,276.29,253.4,0.0,0.0
725,2023-12-27,11360.67,262.56,327.6,0.0,0.0,0.0
726,2023-12-28,13270.42,307.87,285.12,323.11,0.0,0.0
727,2023-12-29,14729.03,388.97,0.0,688.12,0.0,0.0
728,2023-12-30,11008.11,0.0,505.53,276.86,0.0,0.0
729,2023-12-31,17038.82,275.69,615.08,689.97,0.0,0.0
730,2024-01-01,6013.28,87.46,43.21,0.0,0.0,0.0
731,2024-01-02,5797.79,43.23,192.72,75.22,0.0,0.0
732,2024-01-03,6796.01,99.34,77.35,82.67,0.0,0.0
733,2024-01-04,7975.63,27.99,82.29,91.1,0.0,0.0
734,2024-01-05,4408.72,144.16,123.27,73.1,0.0,0.0
735,2024-01-06,5270.33,134.19,119.3,0.0,0.0,0.0
736,2024-01-07,4369.3,117.84,181.9,263.1,0.0,0.0
737,2024-01-08,6273.78,140.17,92.92,141.94,0.0,0.0
738,2024-01-09,6046.51,0.0,53.68,132.49,0.0,0.0
739,2024-01-10,5689.73,142.84,95.55,59.9,0.0,0.0
740,2024-01-11,4465.18,25.75,38.49,0.0,0.0,0.0
741,2024-01-12,3792.39,36.06,81.26,139.89,0.0,0.0
742,2024-01-13,6462.41,69.44,96.82,173.57,0.0,0.0
743,2024-01-14,7926.0,102.61,87.21,248.5,0.0,0.0
744,2024-01-15,5000.21,106.0,70.54,55.03,0.0,0.0
745,2024-01-16,5848.17,50.26,0.0,68.96,0.0,0.0
746,2024-01-17,3847.6,86.9,55.46,29.62,0.0,0.0
747,2024-01-18,5838.69,49.37,0.0,62.65,0.0,0.0
748,2024-01-19,5529.67,53.82,86.37,144.29,0.0,0.0
749,2024-01-20,4788.59,43.42,55.64,78.04,0.0,0.0
750,2024-01-21,5483.66,58.02,222.67,151.76,0.0,0.0
751,2024-01-22,5006.78,35.02,0.0,72.0,0.0,0.0
752,2024-01-23,6260.57,45.96,155.6,102.8,0.0,0.0
753,2024-01-24,4468.63,162.38,118.58,44.49,0.0,0.0
754,2024-01-25,5288.38,50.94,65.49,97.36,0.0,0.0
755,2024-01-26,6570.56,455.13,293.53,16.03,0.0,0.0
756,2024-01-27,4919.65,170.5,67.13,116.68,0.0,0.0
757,2024-01-28,7632.22,147.13,248.25,0.0,0.0,0.0
758,2024-01-29,5286.24,62.77,0.0,223.36,0.0,0.0
759,2024-01-30,5646.13,165.62,78.91,179.04,0.0,0.0
760,2024-01-31,5315.42,0.0,280.43,153.85,0.0,0.0
761,2024-02-01,8029.6,83.51,71.78,199.92,0.0,0.0
762,2024-02-02,6706.15,360.59,98.46,45.46,0.0,0.0
763,2024-02-03,5610.07,95.24,0.0,298.23,0.0,0.0
764,2024-02-04,7550.31,201.04,97.53,183.03,0.0,0.0
765,2024-02-05,5596.15,50.89,130.96,0.0,0.0,0.0
766,2024-02-06,6152.25,75.98,0.0,159.35,0.0,0.0
767,2024-02-07,5377.93,224.49,27.64,41.55,0.0,0.0
768,2024-02-08,4944.87,53.26,171.07,49.24,0.0,0.0
769,2024-02-09,6140.21,230.15,28.62,56.1,0.0,0.0
770,2024-02-10,5499.97,154.19,186.33,76.57,0.0,0.0
771,2024-02-11,7375.22,71.95,196.34,0.0,0.0,0.0
772,2024-02-12,4828.25,113.35,39.84,168.82,0.0,0.0
773,2024-02-13,7281.12,139.01,59.94,69.45,0.0,0.0
774,2024-02-14,10754.1,202.71,71.29,180.56,0.0,1.0
775,2024-02-15,5793.98,30.23,67.91,57.71,0.0,0.0
776,2024-02-16,6103.38,50.12,0.0,27.28,0.0,0.0
777,2024-02-17,4908.76,86.89,162.77,0.0,0.0,0.0
778,2024-02-18,6107.68,96.39,0.0,0.0,0.0,0.0
779,2024-02-19,3285.17,112.51,184.85,78.25,0.0,0.0
780,2024-02-20,4621.62,86.24,57.72,0.0,0.0,0.0
781,2024-02-21,5602.36,36.05,74.71,278.9,0.0,0.0
782,2024-02-22,4769.22,105.93,32.71,153.68,0.0,0.0
783,2024-02-23,5662.82,127.41,58.55,99.37,0.0,0.0
784,2024-02-24,7473.83,167.94,232.05,270.76,0.0,0.0
785,2024-02-25,6597.84,239.53,0.0,79.73,0.0,0.0
786,2024-02-26,6073.75,0.0,52.4,147.2,0.0,0.0
787,2024-02-27,5399.63,137.43,80.28,124.66,0.0,0.0
788,2024-02-28,5641.98,103.87,0.0,0.0,0.0,0.0
789,2024-02-29,6727.62,41.47,145.72,255.93,0.0,0.0
790,2024-03-01,6886.46,100.25,52.07,127.78,0.0,0.0
791,2024-03-02,6938.71,114.07,141.1,127.39,0.0,0.0
792,2024-03-03,5516.61,118.52,0.0,39.73,0.0,0.0
793,2024-03-04,4624.35,36.0,82.13,46.41,0.0,0.0
794,2024-03-05,5077.94,40.49,113.89,76.76,0.0,0.0
795,2024-03-06,5083.49,0.0,81.55,87.46,0.0,0.0
796,2024-03-07,5102.19,75.62,0.0,42.01,0.0,0.0
797,2024-03-08,7307.67,116.55,74.56,352.12,0.0,0.0
798,2024-03-09,7392.19,102.38,97.3,267.74,0.0,0.0
799,2024-03-10,6088.35,102.47,81.54,154.83,0.0,0.0
800,2024-03-11,5887.73,135.94,66.64,86.73,0.0,0.0
801,2024-03-12,5559.1,0.0,0.0,73.2,0.0,0.0
802,2024-03-13,4989.5,0.0,108.31,47.0,0.0,0.0
803,2024-03-14,4796.04,58.66,64.81,87.24,0.0,0.0
804,2024-03-15,4116.14,59.64,117.86,97.29,0.0,0.0
805,2024-03-16,4788.05,0.0,82.95,51.48,0.0,0.0
806,2024-03-17,6804.35,172.42,0.0,198.98,0.0,0.0
807,2024-03-18,5367.1,87.09,148.18,114.21,0.0,0.0
808,2024-03-19,5746.56,246.57,112.37,39.94,0.0,0.0
809,2024-03-20,6350.56,67.85,158.42,74.94,0.0,0.0
810,2024-03-21,6363.39,103.74,47.69,98.07,0.0,0.0
811,2024-03-22,6116.61,90.43,63.84,396.12,0.0,0.0
812,2024-03-23,8122.48,382.02,84.36,242.95,0.0,0.0
813,2024-03-24,7381.66,188.61,198.52,81.7,0.0,0.0
814,2024-03-25,6217.9,249.89,416.83,195.8,0.0,0.0
815,2024-03-26,5786.03,0.0,589.36,60.27,0.0,0.0
816,2024-03-27,8506.77,171.09,236.68,303.99,0.0,0.0
817,2024-03-28,6511.11,258.12,226.91,124.38,0.0,0.0
818,2024-03-29,4073.61,164.91,59.15,161.93,0.0,0.0
819,2024-03-30,7169.52,400.5,169.17,511.41,0.0,0.0
820,2024-03-31,5995.11,160.28,150.5,110.41,0.0,0.0
821,2024-04-01,6035.01,225.11,73.13,45.73,0.0,0.0
822,2024-04-02,7273.76,383.85,95.27,74.58,0.0,0.0
823,2024-04-03,7479.56,77.72,0.0,197.53,0.0,0.0
824,2024-04-04,8266.57,73.96,31.56,42.61,0.0,0.0
825,2024-04-05,6976.8,231.08,160.5,19.4,0.0,0.0
826,2024-04-06,8729.65,324.0,69.28,105.34,0.0,0.0
827,2024-04-07,8888.95,91.76,0.0,192.44,0.0,0.0
828,2024-04-08,9653.27,75.07,345.52,218.64,0.0,0.0
829,2024-04-09,7331.95,81.56,56.9,80.66,0.0,0.0
830,2024-04-10,4953.84,43.11,21.51,83.28,0.0,0.0
831,2024-04-11,8109.62,55.65,82.35,213.2,0.0,0.0
832,2024-04-12,8086.49,52.87,188.9,34.78,0.0,0.0
833,2024-04-13,7774.09,79.19,410.88,110.04,0.0,0.0
834,2024-04-14,9230.66,122.94,60.83,155.89,0.0,0.0
835,2024-04-15,8173.15,0.0,132.46,140.18,0.0,0.0
836,2024-04-16,7975.95,244.76,74.87,78.92,0.0,0.0
837,2024-04-17,8296.76,53.03,93.67,109.49,0.0,0.0
838,2024-04-18,8178.43,174.24,492.5,24.12,0.0,0.0
839,2024-04-19,4349.06,0.0,41.33,72.38,0.0,0.0
840,2024-04-20,7006.75,121.8,0.0,183.5,0.0,0.0
841,2024-04-21,8715.06,188.08,179.05,77.6,0.0,0.0
842,2024-04-22,6695.41,51.66,211.67,117.18,0.0,0.0
843,2024-04-23,7436.9,133.52,123.72,155.06,0.0,0.0
844,2024-04-24,6402.36,122.62,147.87,101.04,0.0,0.0
845,2024-04-25,9397.35,155.58,102.03,143.56,0.0,0.0
846,2024-04-26,9084.32,143.44,158.68,75.83,0.0,0.0
847,2024-04-27,7688.74,711.32,0.0,161.52,0.0,0.0
848,2024-04-28,8649.69,115.47,275.99,274.06,0.0,0.0
849,2024-04-29,6721.63,98.19,0.0,166.71,0.0,0.0
850,2024-04-30,8168.18,96.22,195.83,110.62,0.0,0.0
851,2024-05-01,7748.69,0.0,105.24,124.2,0.0,0.0
852,2024-05-02,8157.41,65.79,0.0,166.83,0.0,0.0
853,2024-05-03,7143.72,0.0,102.23,31.79,0.0,0.0
854,2024-05-04,11358.38,293.95,46.86,283.67,0.0,0.0
855,2024-05-05,6709.32,88.99,286.59,115.75,0.0,0.0
856,2024-05-06,5510.25,58.51,0.0,140.76,0.0,0.0
857,2024-05-07,7478.85,127.92,68.46,223.84,0.0,0.0
858,2024-05-08,5390.26,69.21,70.26,47.97,0.0,0.0
859,2024-05-09,5689.63,140.91,227.36,0.0,0.0,0.0
860,2024-05-10,6155.78,108.86,27.5,92.03,0.0,0.0
861,2024-05-11,7254.96,50.46,842.71,0.0,0.0,0.0
862,2024-05-12,7825.42,0.0,241.2,403.55,0.0,0.0
863,2024-05-13,8060.81,283.05,112.6,65.61,0.0,0.0
864,2024-05-14,6645.18,66.71,95.54,78.68,0.0,0.0
865,2024-05-15,7244.51,76.35,117.75,124.24,0.0,0.0
866,2024-05-16,8107.78,114.37,136.54,53.47,0.0,0.0
867,2024-05-17,6633.53,117.74,148.33,86.83,0.0,0.0
868,2024-05-18,7739.54,185.9,184.49,173.3,0.0,0.0
869,2024-05-19,8484.74,418.28,140.95,117.42,0.0,0.0
870,2024-05-20,5196.27,86.61,0.0,104.37,0.0,0.0
871,2024-05-21,4786.5,59.65,95.86,80.42,0.0,0.0
872,2024-05-22,7326.75,42.7,95.7,45.21,0.0,0.0
873,2024-05-23,8234.04,66.01,224.56,142.67,0.0,0.0
874,2024-05-24,10740.83,104.9,171.12,352.8,0.0,0.0
875,2024-05-25,8319.62,426.02,28.03,168.99,0.0,0.0
876,2024-05-26,8069.05,110.83,253.71,0.0,0.0,0.0
877,2024-05-27,7548.72,138.33,0.0,211.45,0.0,0.0
878,2024-05-28,7652.19,124.37,141.01,67.72,0.0,0.0
879,2024-05-29,10857.42,265.73,116.93,418.13,0.0,0.0
880,2024-05-30,7010.81,614.42,299.02,176.21,0.0,0.0
881,2024-05-31,8904.29,0.0,0.0,430.18,0.0,0.0
882,2024-06-01,9440.93,93.27,87.73,93.41,0.0,0.0
883,2024-06-02,9599.46,234.05,176.56,432.02,0.0,0.0
884,2024-06-03,9386.9,144.86,58.83,177.9,0.0,0.0
885,2024-06-04,7263.39,291.36,45.59,155.84,0.0,0.0
886,2024-06-05,7487.85,136.57,70.91,128.81,0.0,0.0
887,2024-06-06,7043.94,77.54,171.57,0.0,0.0,0.0
888,2024-06-07,5983.83,137.1,179.55,230.43,0.0,0.0
889,2024-06-08,6903.89,243.19,177.87,158.71,0.0,0.0
890,2024-06-09,6419.42,204.55,200.77,44.86,0.0,0.0
891,2024-06-10,7864.49,130.38,135.68,0.0,0.0,0.0
892,2024-06-11,8351.05,182.37,67.61,100.65,0.0,0.0
893,2024-06-12,7479.21,193.94,128.78,0.0,0.0,0.0
894,2024-06-13,8596.89,220.34,161.06,108.95,0.0,0.0
895,2024-06-14,7731.58,141.89,0.0,234.42,0.0,0.0
896,2024-06-15,8687.02,113.05,267.38,45.53,0.0,0.0
897,2024-06-16,8056.66,204.7,0.0,240.19,0.0,0.0
898,2024-06-17,7440.26,297.37,0.0,57.0,0.0,0.0
899,2024-06-18,8275.12,88.31,295.55,267.87,0.0,0.0
900,2024-06-19,8632.43,179.85,154.71,160.59,0.0,0.0
901,2024-06-20,7331.29,0.0,93.6,218.8,0.0,0.0
902,2024-06-21,8578.39,146.64,145.53,101.39,0.0,0.0
903,2024-06-22,8848.52,423.65,141.4,501.19,0.0,0.0
904,2024-06-23,8334.71,231.12,155.67,455.65,0.0,0.0
905,2024-06-24,9225.72,170.4,173.2,278.6,0.0,0.0
906,2024-06-25,7756.09,76.47,123.05,189.68,0.0,0.0
907,2024-06-26,8413.97,281.83,171.83,302.68,0.0,0.0
908,2024-06-27,8805.21,275.88,69.04,145.58,0.0,0.0
909,2024-06-28,7859.71,712.16,253.34,0.0,0.0,0.0
910,2024-06-29,11303.58,217.97,299.6,839.46,0.0,0.0
911,2024-06-30,11415.77,309.67,0.0,614.86,0.0,0.0
912,2024-07-01,14417.87,200.73,0.0,133.02,0.0,1.0
913,2024-07-02,17400.55,445.3,339.13,256.21,0.0,1.0
914,2024-07-03,12432.0,163.21,72.95,95.03,0.0,1.0
915,2024-07-04,15787.66,204.29,119.9,291.29,0.0,1.0
916,2024-07-05,13587.08,248.84,118.24,271.0,0.0,1.0
917,2024-07-06,11561.29,251.22,137.39,0.0,0.0,1.0
918,2024-07-07,11762.52,171.81,393.64,134.13,0.0,1.0
919,2024-07-08,14785.19,0.0,162.61,174.95,0.0,1.0
920,2024-07-09,13281.72,328.96,154.91,173.25,0.0,1.0
921,2024-07-10,12048.81,0.0,54.33,100.53,0.0,1.0
922,2024-07-11,13835.62,187.05,264.19,262.53,0.0,1.0
923,2024-07-12,14466.33,113.46,85.81,241.95,0.0,1.0
924,2024-07-13,15030.7,459.83,243.87,240.93,0.0,1.0
925,2024-07-14,12183.68,0.0,279.17,172.17,0.0,1.0
926,2024-07-15,8629.01,68.59,230.06,217.43,0.0,0.0
927,2024-07-16,6718.15,0.0,46.76,313.18,0.0,0.0
928,2024-07-17,6641.21,245.35,0.0,86.86,0.0,0.0
929,2024-07-18,5282.43,92.19,116.81,80.48,0.0,0.0
930,2024-07-19,6666.93,68.72,311.48,156.16,0.0,0.0
931,2024-07-20,8685.05,385.37,292.19,122.06,0.0,0.0
932,2024-07-21,5722.47,52.28,159.16,139.29,0.0,0.0
933,2024-07-22,6212.63,26.0,82.3,184.37,0.0,0.0
934,2024-07-23,7260.77,132.68,189.42,0.0,0.0,0.0
935,2024-07-24,7704.26,78.82,68.46,286.28,0.0,0.0
936,2024-07-25,9747.57,60.23,171.27,141.61,0.0,0.0
937,2024-07-26,9354.37,0.0,181.99,110.42,0.0,0.0
938,2024-07-27,7669.86,181.19,343.35,181.31,0.0,0.0
939,2024-07-28,10380.15,115.88,986.76,194.38,0.0,0.0
940,2024-07-29,7755.25,60.15,0.0,56.18,0.0,0.0
941,2024-07-30,6700.94,226.67,113.64,0.0,0.0,0.0
942,2024-07-31,6665.74,205.2,155.99,174.67,0.0,0.0
943,2024-08-01,7588.23,90.26,37.47,153.42,0.0,0.0
944,2024-08-02,7581.3,0.0,70.72,208.35,0.0,0.0
945,2024-08-03,6932.06,65.52,108.02,83.0,0.0,0.0
946,2024-08-04,8130.96,49.85,0.0,203.66,0.0,0.0
947,2024-08-05,6706.34,63.23,114.09,100.51,0.0,0.0
948,2024-08-06,6711.45,93.18,63.0,196.33,0.0,0.0
949,2024-08-07,7352.88,110.81,200.63,0.0,0.0,0.0
950,2024-08-08,7909.25,82.84,101.79,111.5,0.0,0.0
951,2024-08-09,6277.3,118.26,100.79,82.49,0.0,0.0
952,2024-08-10,7897.72,58.73,108.01,0.0,0.0,0.0
953,2024-08-11,6679.15,295.92,144.37,204.48,0.0,0.0
954,2024-08-12,6932.83,91.11,166.43,77.66,0.0,0.0
955,2024-08-13,7235.35,187.11,60.58,77.52,0.0,0.0
956,2024-08-14,6902.92,117.55,69.14,111.3,0.0,0.0
957,2024-08-15,13002.65,226.56,155.22,125.13,0.0,1.0
958,2024-08-16,17098.48,242.43,83.86,355.44,0.0,1.0
959,2024-08-17,11934.82,292.89,151.09,0.0,0.0,1.0
960,2024-08-18,15866.43,329.22,187.62,48.82,0.0,1.0
961,2024-08-19,15506.96,382.27,328.02,171.72,0.0,1.0
962,2024-08-20,13777.86,193.73,229.54,115.41,0.0,1.0
963,2024-08-21,14096.08,263.46,222.26,80.94,0.0,1.0
964,2024-08-22,16433.89,165.5,337.12,104.1,0.0,1.0
965,2024-08-23,14411.87,434.15,196.43,244.91,0.0,1.0
966,2024-08-24,17085.09,0.0,368.06,692.41,0.0,1.0
967,2024-08-25,17231.32,764.51,286.29,393.23,0.0,1.0
968,2024-08-26,13501.97,202.96,0.0,181.63,0.0,1.0
969,2024-08-27,13435.07,91.64,178.68,357.64,0.0,1.0
970,2024-08-28,14106.32,242.47,60.7,214.69,0.0,1.0
971,2024-08-29,15994.1,154.74,249.52,193.48,0.0,1.0
972,2024-08-30,14030.62,399.33,0.0,152.22,0.0,1.0
973,2024-08-31,14034.85,219.21,646.45,0.0,0.0,1.0
974,2024-09-01,14112.67,0.0,452.12,223.73,0.0,1.0
975,2024-09-02,15759.59,55.36,405.04,239.3,0.0,1.0
976,2024-09-03,12634.47,131.12,0.0,205.57,0.0,1.0
977,2024-09-04,14732.52,40.17,0.0,169.87,0.0,1.0
978,2024-09-05,14964.33,66.48,129.38,123.72,0.0,1.0
979,2024-09-06,7788.67,0.0,0.0,174.78,0.0,0.0
980,2024-09-07,7780.21,198.98,193.17,71.63,0.0,0.0
981,2024-09-08,9753.84,160.28,273.77,251.71,0.0,0.0
982,2024-09-09,8401.83,53.46,93.87,66.67,0.0,0.0
983,2024-09-10,6423.39,0.0,77.93,77.52,0.0,0.0
984,2024-09-11,6803.73,95.29,102.39,50.54,0.0,0.0
985,2024-09-12,6195.41,47.65,147.52,90.28,0.0,0.0
986,2024-09-13,8250.33,0.0,43.54,219.16,0.0,0.0
987,2024-09-14,8874.98,210.1,34.22,216.42,0.0,0.0
988,2024-09-15,7125.36,108.69,98.49,285.93,0.0,0.0
989,2024-09-16,7885.93,145.51,76.81,251.12,0.0,0.0
990,2024-09-17,6373.41,162.24,119.06,94.76,0.0,0.0
991,2024-09-18,6927.22,42.05,149.38,150.79,0.0,0.0
992,2024-09-19,8318.19,123.42,125.62,115.25,0.0,0.0
993,2024-09-20,8938.26,95.07,397.76,409.3,0.0,0.0
994,2024-09-21,7731.96,102.01,265.23,116.89,0.0,0.0
995,2024-09-22,8038.38,165.03,275.84,430.61,0.0,0.0
996,2024-09-23,10010.03,462.88,270.8,347.16,0.0,0.0
997,2024-09-24,10381.57,241.71,98.65,637.21,0.0,0.0
998,2024-09-25,7867.15,121.88,380.39,173.63,0.0,0.0
999,2024-09-26,8666.86,0.0,202.62,354.9,0.0,0.0
1000,2024-09-27,12917.92,430.61,328.5,947.19,0.0,0.0
1001,2024-09-28,8144.08,437.2,155.03,224.73,0.0,0.0
1002,2024-09-29,6162.01,0.0,119.54,134.52,0.0,0.0
1003,2024-09-30,10038.18,140.67,391.83,87.21,0.0,0.0
1004,2024-10-01,12500.93,231.92,219.08,304.22,0.0,0.0
1005,2024-10-02,11586.05,193.15,100.72,64.14,0.0,0.0
1006,2024-10-03,13274.15,260.97,101.65,158.93,0.0,0.0
1007,2024-10-04,16650.6,223.25,333.23,258.56,0.0,0.0
1008,2024-10-05,11859.43,372.12,107.05,289.18,0.0,0.0
1009,2024-10-06,14256.16,143.78,581.05,334.31,0.0,0.0
1010,2024-10-07,12020.97,336.09,96.58,227.85,0.0,0.0
1011,2024-10-08,13124.07,171.65,242.17,429.87,0.0,0.0
1012,2024-10-09,11900.79,529.51,135.29,112.8,0.0,0.0
1013,2024-10-10,10987.82,100.81,236.71,133.18,0.0,0.0
1014,2024-10-11,12435.94,431.91,119.23,125.86,0.0,0.0
1015,2024-10-12,12205.53,223.11,195.77,428.42,0.0,0.0
1016,2024-10-13,14608.28,134.02,222.71,447.23,0.0,0.0
1017,2024-10-14,12554.84,113.98,92.39,262.98,0.0,0.0
1018,2024-10-15,13982.04,125.72,265.44,408.42,0.0,0.0
1019,2024-10-16,11483.64,196.51,126.39,99.11,0.0,0.0
1020,2024-10-17,11188.23,208.48,151.54,0.0,0.0,0.0
1021,2024-10-18,13752.05,107.97,0.0,502.07,0.0,0.0
1022,2024-10-19,12115.08,195.14,49.59,407.23,0.0,0.0
1023,2024-10-20,15922.13,715.95,207.61,763.53,0.0,0.0
1024,2024-10-21,12765.55,429.38,767.61,74.69,0.0,0.0
1025,2024-10-22,10978.73,200.72,295.04,0.0,0.0,0.0
1026,2024-10-23,10143.77,165.58,191.66,138.23,0.0,0.0
1027,2024-10-24,14585.69,181.83,173.55,346.67,0.0,0.0
1028,2024-10-25,11727.13,255.12,214.99,125.07,0.0,0.0
1029,2024-10-26,12297.17,129.42,0.0,0.0,0.0,0.0
1030,2024-10-27,16273.98,213.05,146.29,754.09,0.0,0.0
1031,2024-10-28,10704.72,72.98,460.58,0.0,0.0,0.0
1032,2024-10-29,11861.17,261.69,0.0,326.03,0.0,0.0
1033,2024-10-30,15588.82,314.51,383.98,157.59,0.0,0.0
1034,2024-10-31,14489.71,165.11,332.69,177.58,0.0,0.0
1035,2024-11-01,13300.29,0.0,176.67,431.22,0.0,0.0
1036,2024-11-02,13376.74,94.79,0.0,423.13,0.0,0.0
1037,2024-11-03,11062.71,82.14,317.36,0.0,0.0,0.0
1038,2024-11-04,12706.04,174.04,137.16,158.96,0.0,0.0
1039,2024-11-05,11257.67,285.09,119.31,60.63,0.0,0.0
1040,2024-11-06,10527.38,417.73,177.84,107.62,0.0,0.0
1041,2024-11-07,13508.1,0.0,422.01,644.74,0.0,0.0
1042,2024-11-08,12101.28,290.47,79.06,95.07,0.0,0.0
1043,2024-11-09,11770.25,193.15,89.64,298.8,0.0,0.0
1044,2024-11-10,14006.41,178.2,239.3,488.53,0.0,0.0
1045,2024-11-11,10813.8,258.33,0.0,96.78,0.0,0.0
1046,2024-11-12,12046.72,224.83,187.16,229.78,0.0,0.0
1047,2024-11-13,13924.04,0.0,196.9,361.37,0.0,0.0
1048,2024-11-14,12178.72,368.6,150.2,0.0,0.0,0.0
1049,2024-11-15,17134.1,347.85,0.0,1152.76,0.0,0.0
1050,2024-11-16,12740.43,135.73,87.26,98.59,0.0,0.0
1051,2024-11-17,14629.9,250.48,140.18,506.84,0.0,0.0
1052,2024-11-18,13655.42,0.0,168.31,186.38,0.0,0.0
1053,2024-11-19,12561.26,177.64,67.42,328.8,0.0,0.0
1054,2024-11-20,12386.23,109.19,163.89,269.87,0.0,0.0
1055,2024-11-21,11543.79,101.52,496.61,133.5,0.0,0.0
1056,2024-11-22,44618.9,0.0,489.26,624.76,1.0,0.0
1057,2024-11-23,48280.41,1097.33,757.52,243.46,1.0,0.0
1058,2024-11-24,56779.27,786.45,323.85,1115.4,1.0,0.0
1059,2024-11-25,49141.89,364.71,381.83,746.18,1.0,0.0
1060,2024-11-26,11978.98,301.55,183.18,381.71,0.0,0.0
1061,2024-11-27,14952.67,0.0,196.09,511.02,0.0,0.0
1062,2024-11-28,12694.54,408.29,527.78,350.98,0.0,0.0
1063,2024-11-29,14298.82,74.83,351.48,319.33,0.0,0.0
1064,2024-11-30,12532.07,230.19,172.19,232.07,0.0,0.0
1065,2024-12-01,24233.25,181.4,477.99,319.08,0.0,1.0
1066,2024-12-02,25511.26,125.62,423.31,767.62,0.0,1.0
1067,2024-12-03,30995.17,548.1,616.13,892.4,0.0,1.0
1068,2024-12-04,22582.13,0.0,795.29,327.05,0.0,1.0
1069,2024-12-05,21806.84,0.0,166.27,388.17,0.0,1.0
1070,2024-12-06,20383.5,265.48,0.0,219.63,0.0,1.0
1071,2024-12-07,27242.47,472.58,184.97,993.83,0.0,1.0
1072,2024-12-08,21115.84,371.66,341.16,0.0,0.0,1.0
1073,2024-12-09,32243.28,126.43,399.63,1214.39,0.0,1.0
1074,2024-12-10,24826.92,496.27,0.0,223.88,0.0,1.0
1075,2024-12-11,20451.71,202.96,290.75,0.0,0.0,1.0
1076,2024-12-12,24652.52,107.26,252.86,436.46,0.0,1.0
1077,2024-12-13,24290.21,211.08,0.0,560.36,0.0,1.0
1078,2024-12-14,26408.88,872.91,245.66,434.64,0.0,1.0
1079,2024-12-15,27541.24,590.77,1435.34,293.24,0.0,1.0
1080,2024-12-16,25430.35,221.33,121.42,646.85,0.0,1.0
1081,2024-12-17,29502.84,331.84,539.57,882.07,0.0,1.0
1082,2024-12-18,27710.57,337.36,1642.83,330.52,0.0,1.0
1083,2024-12-19,33828.5,1422.39,0.0,1292.8,0.0,1.0
1084,2024-12-20,31478.25,514.46,442.72,1157.8,0.0,1.0
1085,2024-12-21,30331.86,688.32,523.78,809.13,0.0,1.0
1086,2024-12-22,29557.98,1000.97,593.53,795.05,0.0,1.0
1087,2024-12-23,31732.96,501.68,1217.58,852.5,0.0,1.0
1088,2024-12-24,22498.95,389.05,148.21,0.0,0.0,1.0
1089,2024-12-25,16219.15,234.17,811.48,377.97,0.0,0.0
1090,2024-12-26,13738.69,262.88,142.81,106.39,0.0,0.0
1091,2024-12-27,15048.58,0.0,295.77,681.66,0.0,0.0
1092,2024-12-28,14287.68,596.15,359.59,213.32,0.0,0.0
1093,2024-12-29,21020.43,412.16,680.97,1392.69,0.0,0.0
1094,2024-12-30,15659.48,493.98,144.72,369.63,0.0,0.0
1095,2024-12-31,12751.1,313.67,510.23,410.9,0.0,0.0
