date,gross_sales,net_sales,fb_spend,fb_impressions,google_spend,google_impressions,event_other,event_bfcm
2021-04-28,1398.0,773.67,0.0,0.0,0.0,0,0.0,0.0
2021-04-29,0.0,0.0,0.0,0.0,0.0,0,0.0,0.0
2021-04-30,0.0,0.0,0.0,0.0,0.0,0,0.0,0.0
2021-05-01,0.0,0.0,0.0,0.0,0.0,0,0.0,0.0
2021-05-02,509.0,509.0,0.0,0.0,0.0,0,0.0,0.0
2021-05-03,8153.0,3130.96,0.0,0.0,0.0,0,0.0,0.0
2021-05-04,29019.0,14209.72,0.0,0.0,0.0,0,0.0,0.0
2021-05-05,3556.0,2284.76,0.0,0.0,0.0,0,0.0,0.0
2021-05-06,640.0,463.07,0.0,0.0,0.0,0,0.0,0.0
2021-05-07,1560.0,797.02,0.0,0.0,0.0,0,0.0,0.0
2021-05-08,1496.0,1509.54,0.0,0.0,0.0,0,0.0,0.0
2021-05-09,526.0,286.34,0.0,0.0,0.0,0,0.0,0.0
2021-05-10,440.0,153.81,0.0,0.0,0.0,0,0.0,0.0
2021-05-11,913.0,671.64,0.0,0.0,0.0,0,0.0,0.0
2021-05-12,309.0,195.39999999999998,0.0,0.0,0.0,5,0.0,0.0
2021-05-13,156.0,166.92,0.0,0.0,0.35,26,0.0,0.0
2021-05-14,1077.0,13.8,0.0,0.0,149.82,2329,0.0,0.0
2021-05-15,180.0,180.0,0.0,0.0,150.0,1264,0.0,0.0
2021-05-16,0.0,0.0,0.0,0.0,153.23,1421,0.0,0.0
2021-05-17,370.0,312.44,0.0,0.0,150.07,2442,0.0,0.0
2021-05-18,8655.0,26.04,0.0,0.0,103.0,1155,0.0,0.0
2021-05-19,186.0,146.8,0.0,0.0,91.12,759,0.0,0.0
2021-05-20,1606.0,1219.01,0.0,0.0,80.14,972,0.0,0.0
2021-05-21,3442.0,2155.8,0.0,0.0,126.09,1017,0.0,0.0
2021-05-22,715.0,533.0,0.0,0.0,122.1,970,0.0,0.0
2021-05-23,1186.0,1230.25,0.0,0.0,122.16,1285,0.0,0.0
2021-05-24,504.0,535.87,0.0,0.0,86.31,1114,0.0,0.0
2021-05-25,785.0,807.48,0.0,0.0,109.2,1231,0.0,0.0
2021-05-26,338.0,342.9,0.0,0.0,109.13,998,0.0,0.0
2021-05-27,748.0,790.37,0.0,0.0,90.9,983,0.0,0.0
2021-05-28,773.0,807.1,0.0,0.0,52.93000000000001,539,0.0,0.0
2021-05-29,2068.0,2108.74,0.0,0.0,38.349999999999994,720,0.0,0.0
2021-05-30,1838.0,1887.71,0.0,0.0,43.959999999999994,813,0.0,0.0
2021-05-31,2956.0,2830.01,0.0,0.0,87.9,1088,0.0,0.0
2021-06-01,2477.0,2425.79,0.0,0.0,100.09,1540,0.0,0.0
2021-06-02,1033.0,667.35,0.0,0.0,111.43,1426,0.0,0.0
2021-06-03,3907.0,3798.51,0.0,0.0,110.73,1931,0.0,0.0
2021-06-04,1793.0,1726.09,0.0,0.0,81.27000000000001,1407,0.0,0.0
2021-06-05,2618.0,2706.56,0.0,0.0,73.74000000000001,1209,0.0,0.0
2021-06-06,700.0,743.45,0.0,0.0,72.61,1532,0.0,0.0
2021-06-07,9120.0,1982.7,0.0,0.0,88.09,1045,0.0,0.0
2021-06-08,1791.0,1737.9099999999999,0.0,0.0,102.99,1622,0.0,0.0
2021-06-09,1936.0,1776.55,0.0,0.0,107.86999999999999,945,0.0,0.0
2021-06-10,2709.0,2167.69,0.0,0.0,90.9,1028,0.0,0.0
2021-06-11,2451.0,332.12,0.0,0.0,60.85,747,0.0,0.0
2021-06-12,1634.0,1655.95,0.0,0.0,35.07,808,0.0,0.0
2021-06-13,2200.0,2194.38,0.0,0.0,68.62,744,0.0,0.0
2021-06-14,1288.0,1317.44,0.0,0.0,43.22,1021,0.0,0.0
2021-06-15,1892.0,591.5600000000001,0.0,0.0,109.52999999999999,1291,0.0,0.0
2021-06-16,1948.0,926.94,0.0,0.0,109.93,1019,0.0,0.0
2021-06-17,274.0,287.8,0.0,0.0,113.78999999999999,1432,0.0,0.0
2021-06-18,2901.0,1796.73,0.0,0.0,41.48,660,0.0,0.0
2021-06-19,225.0,225.0,0.0,0.0,35.959999999999994,598,0.0,0.0
2021-06-20,467.0,472.75,0.0,0.0,38.82,613,0.0,0.0
2021-06-21,3452.0,549.46,0.0,0.0,135.75,2182,0.0,0.0
2021-06-22,1498.0,1125.72,0.0,0.0,113.0,1061,0.0,0.0
2021-06-23,651.0,440.87,0.0,0.0,45.14,796,0.0,0.0
2021-06-24,3141.0,1400.1,0.0,0.0,94.76,1232,0.0,0.0
2021-06-25,935.0,644.12,0.0,0.0,77.11,702,0.0,0.0
2021-06-26,2347.0,2333.39,0.0,0.0,80.28999999999999,545,0.0,0.0
2021-06-27,742.0,748.24,0.0,0.0,50.64,808,0.0,0.0
2021-06-28,1391.0,1286.21,0.0,0.0,116.30999999999999,1511,0.0,0.0
2021-06-29,1145.0,964.6,0.0,0.0,89.46,1157,0.0,0.0
2021-06-30,2741.0,2471.54,0.0,0.0,70.48,983,0.0,0.0
2021-07-01,2462.0,1635.77,0.0,0.0,85.72999999999999,1002,0.0,0.0
2021-07-02,2434.0,1956.47,0.0,0.0,75.61,1339,0.0,0.0
2021-07-03,908.0,759.24,0.0,0.0,37.3,802,0.0,0.0
2021-07-04,1186.0,775.3,0.0,0.0,67.6,633,0.0,0.0
2021-07-05,2151.0,1790.17,0.0,0.0,119.98,1243,0.0,0.0
2021-07-06,2270.0,1557.5700000000002,0.0,0.0,104.72,731,0.0,0.0
2021-07-07,1091.0,974.5999999999999,0.0,0.0,98.12,3293,0.0,0.0
2021-07-08,2645.0,2249.53,0.0,0.0,7.27,139,0.0,0.0
2021-07-09,721.0,747.1800000000001,0.0,0.0,128.91,5207,0.0,0.0
2021-07-10,2128.0,2094.83,0.0,0.0,62.10000000000001,3031,0.0,0.0
2021-07-11,400.0,401.4,0.0,0.0,109.91,4558,0.0,0.0
2021-07-12,489.0,493.9,0.0,0.0,69.74,3070,0.0,0.0
2021-07-13,2473.0,1521.11,0.0,0.0,94.72,3163,0.0,0.0
2021-07-14,611.0,502.91,0.0,0.0,115.22999999999999,3465,0.0,0.0
2021-07-15,349.0,349.6,0.0,0.0,93.76,4910,0.0,0.0
2021-07-16,555.0,493.65000000000003,0.0,0.0,84.13000000000001,3035,0.0,0.0
2021-07-17,613.0,613.1,0.0,0.0,105.19,3404,0.0,0.0
2021-07-18,1188.0,1130.43,0.0,0.0,147.85000000000002,3537,0.0,0.0
2021-07-19,10884.0,1194.19,0.0,0.0,99.36,2877,0.0,0.0
2021-07-20,922.0,924.3399999999999,0.0,0.0,66.55,1699,0.0,0.0
2021-07-21,1142.0,1090.98,0.0,0.0,72.14,2430,0.0,0.0
2021-07-22,573.0,595.24,0.0,0.0,88.36,3631,0.0,0.0
2021-07-23,417.0,431.70000000000005,0.0,0.0,134.35,4121,0.0,0.0
2021-07-24,224.0,200.7,0.0,0.0,81.49,4483,0.0,0.0
2021-07-25,1357.0,1327.66,0.0,0.0,83.1,4281,0.0,0.0
2021-07-26,675.0,653.6,0.0,0.0,91.41,3823,0.0,0.0
2021-07-27,482.0,500.77,0.0,0.0,87.41000000000001,4854,0.0,0.0
2021-07-28,1483.0,811.4,0.0,0.0,96.18999999999998,4264,0.0,0.0
2021-07-29,171.0,187.95,0.0,0.0,83.21,3460,0.0,0.0
2021-07-30,3645.0,908.23,0.0,0.0,74.19000000000001,4191,0.0,0.0
2021-07-31,960.0,960.6999999999999,0.0,0.0,59.26,3103,0.0,0.0
2021-08-01,790.0,763.83,0.0,0.0,94.61,4406,0.0,0.0
2021-08-02,7539.0,2542.22,0.0,0.0,59.419999999999995,4577,0.0,0.0
2021-08-03,1672.0,1325.14,0.0,0.0,106.62,8653,0.0,0.0
2021-08-04,2551.0,1976.27,0.0,0.0,100.23,5644,0.0,0.0
2021-08-05,805.0,644.35,0.0,0.0,173.77,4553,0.0,0.0
2021-08-06,397.0,347.73,0.0,0.0,87.44999999999999,5574,0.0,0.0
2021-08-07,1237.0,1001.3,0.0,0.0,166.21,4142,0.0,0.0
2021-08-08,2661.0,2166.81,0.0,0.0,138.97,5230,0.0,0.0
2021-08-09,2011.0,1504.95,0.0,0.0,29.840000000000003,1448,0.0,0.0
2021-08-10,13077.0,198.8,0.0,0.0,80.91,4507,0.0,0.0
2021-08-11,1070.0,358.01,0.0,0.0,33.28,1656,0.0,0.0
2021-08-12,3609.0,1915.34,0.0,0.0,94.82,4047,0.0,0.0
2021-08-13,2250.0,1897.64,0.0,0.0,30.919999999999998,2435,0.0,0.0
2021-08-14,1437.0,1375.5,0.0,0.0,92.16,4224,0.0,0.0
2021-08-15,671.0,671.0,0.0,0.0,22.879999999999995,150,0.0,0.0
2021-08-16,2451.0,1064.22,0.0,0.0,159.15,5849,0.0,0.0
2021-08-17,1642.0,917.6800000000001,0.0,0.0,7.66,72,0.0,0.0
2021-08-18,1290.0,1330.17,0.0,0.0,153.96,4515,0.0,0.0
2021-08-19,898.0,892.72,0.0,0.0,69.5,669,0.0,0.0
2021-08-20,6691.0,357.42,0.0,0.0,167.78,2141,0.0,0.0
2021-08-21,68.0,72.9,0.0,0.0,32.47,660,0.0,0.0
2021-08-22,250.0,266.56,0.0,0.0,144.4,1562,0.0,0.0
2021-08-23,2497.0,1004.0200000000001,0.0,0.0,34.3,512,0.0,0.0
2021-08-24,1403.0,651.84,0.0,0.0,131.92000000000002,1717,0.0,0.0
2021-08-25,3744.0,328.26,0.0,0.0,83.99,670,0.0,0.0
2021-08-26,956.0,684.44,0.0,0.0,157.63,1636,0.0,0.0
2021-08-27,5391.6,1519.48,0.0,0.0,15.94,129,0.0,0.0
2021-08-28,1414.8,927.54,0.0,0.0,166.16000000000003,1841,0.0,0.0
2021-08-29,0.0,0.0,0.0,0.0,9.33,320,0.0,0.0
2021-08-30,2507.0,2403.23,0.0,0.0,143.13000000000002,1542,0.0,0.0
2021-08-31,6665.0,1601.03,0.0,0.0,6.109999999999999,134,0.0,0.0
2021-09-01,2651.0,1763.63,0.0,0.0,82.69,1140,0.0,0.0
2021-09-02,1265.0,1008.04,0.0,0.0,48.84,946,0.0,0.0
2021-09-03,839.0,704.24,0.0,0.0,132.29,1674,0.0,0.0
2021-09-04,1228.0,1099.67,0.0,0.0,5.97,137,0.0,0.0
2021-09-05,2213.0,1834.57,0.0,0.0,139.89,1670,0.0,0.0
2021-09-06,644.0,508.51,0.0,0.0,8.02,137,0.0,0.0
2021-09-07,542.0,417.0,0.0,0.0,158.98,2288,0.0,0.0
2021-09-08,858.0,632.84,0.0,0.0,51.55,113,0.0,0.0
2021-09-09,1585.0,1280.8,0.0,0.0,154.16,1932,0.0,0.0
2021-09-10,2668.0,2298.25,0.0,0.0,96.94,1420,0.0,0.0
2021-09-11,570.0,530.51,0.0,0.0,129.98999999999998,2030,0.0,0.0
2021-09-12,594.0,481.11,0.0,0.0,115.7,1810,0.0,0.0
2021-09-13,1723.5,436.26,0.0,0.0,49.699999999999996,941,0.0,0.0
2021-09-14,2375.0,893.0500000000001,0.0,0.0,97.30999999999999,1415,0.0,0.0
2021-09-15,2069.0,1154.64,0.0,0.0,108.24000000000001,2654,0.0,0.0
2021-09-16,1398.0,1407.8,0.0,0.0,134.91,2089,0.0,0.0
2021-09-17,954.0,831.24,0.0,0.0,53.080000000000005,3209,0.0,0.0
2021-09-18,740.0,771.46,0.0,0.0,93.16999999999999,4567,0.0,0.0
2021-09-19,3129.0,3097.7,0.0,0.0,112.53,2319,0.0,0.0
2021-09-20,2014.0,2257.84,0.0,0.0,98.53999999999999,2824,0.0,0.0
2021-09-21,2785.0,2285.64,0.0,0.0,328.44,1538,0.0,0.0
2021-09-22,2723.0,1131.5,0.0,0.0,89.6,523,0.0,0.0
2021-09-23,2652.0,1137.7,0.0,0.0,67.91,2791,0.0,0.0
2021-09-24,9822.0,4182.56,0.0,0.0,135.47,4756,0.0,0.0
2021-09-25,283.0,283.0,0.0,0.0,202.69,3312,0.0,0.0
2021-09-26,1059.0,1123.76,0.0,0.0,153.54999999999998,3402,0.0,0.0
2021-09-27,1725.0,998.6999999999999,0.0,0.0,146.3,4472,0.0,0.0
2021-09-28,1175.0,1019.14,0.0,0.0,115.35,5459,0.0,0.0
2021-09-29,1529.0,502.26,0.0,0.0,86.83,5479,0.0,0.0
2021-09-30,1897.0,632.04,0.0,0.0,75.35,2272,0.0,0.0
2021-10-01,1875.0,1100.34,0.0,0.0,75.82,3840,0.0,0.0
2021-10-02,2233.0,1658.3,0.0,0.0,91.0,6336,0.0,0.0
2021-10-03,681.0,615.4300000000001,0.0,0.0,90.72,5312,0.0,0.0
2021-10-04,3144.0,2360.82,0.0,0.0,165.31,4734,0.0,0.0
2021-10-05,867.0,758.89,0.0,0.0,113.12,3396,0.0,0.0
2021-10-06,690.0,618.6800000000001,0.0,0.0,105.56,3771,0.0,0.0
2021-10-07,1567.0,1549.3,0.0,0.0,144.78,4259,0.0,0.0
2021-10-08,831.0,757.3,0.0,0.0,91.96000000000001,5002,0.0,0.0
2021-10-09,1769.0,1750.7,0.0,0.0,70.69999999999999,3546,0.0,0.0
2021-10-10,883.0,803.6899999999999,0.0,0.0,88.14999999999999,4631,0.0,0.0
2021-10-11,846.0,844.03,0.0,0.0,103.69999999999999,3294,0.0,0.0
2021-10-12,2232.0,789.23,0.0,0.0,117.07,7577,0.0,0.0
2021-10-13,3589.0,2003.57,0.0,0.0,214.73,12840,0.0,0.0
2021-10-14,30229.0,1251.6,0.0,0.0,261.65,10619,0.0,0.0
2021-10-15,6367.0,3651.63,0.0,0.0,294.72,10907,0.0,0.0
2021-10-16,1859.0,1725.69,0.0,0.0,139.01,10556,0.0,0.0
2021-10-17,426.0,394.77,0.0,0.0,169.54,11410,0.0,0.0
2021-10-18,1857.0,1608.69,0.0,0.0,279.26,15983,0.0,0.0
2021-10-19,1806.0,1715.04,0.0,0.0,154.31,11864,0.0,0.0
2021-10-20,1696.0,1620.94,0.0,0.0,142.3,10722,0.0,0.0
2021-10-21,9555.0,3953.68,0.0,0.0,199.19,12567,0.0,0.0
2021-10-22,2294.0,1359.1,0.0,0.0,151.8,8854,0.0,0.0
2021-10-23,1102.0,1066.8,0.0,0.0,110.22,8439,0.0,0.0
2021-10-24,1687.0,1649.27,0.0,0.0,200.25,13599,0.0,0.0
2021-10-25,620.0,570.06,0.0,0.0,137.21,8184,0.0,0.0
2021-10-26,2481.0,1152.6799999999998,0.0,0.0,151.23000000000002,9645,0.0,0.0
2021-10-27,6640.0,1164.95,0.0,0.0,188.95999999999998,13024,0.0,0.0
2021-10-28,6279.0,235.72000000000003,0.0,0.0,128.64,8863,0.0,0.0
2021-10-29,704.0,497.22,0.0,0.0,114.094998,8745,0.0,0.0
2021-10-30,378.0,369.28,0.0,0.0,160.571346,12143,0.0,0.0
2021-10-31,1269.0,1366.82,0.0,0.0,166.482631,6332,0.0,0.0
2021-11-01,1045.0,791.9,0.0,0.0,180.22,9126,0.0,0.0
2021-11-02,2055.0,2093.08,0.0,0.0,152.14,10907,0.0,0.0
2021-11-03,1448.0,1260.88,0.0,0.0,167.0,9255,0.0,0.0
2021-11-04,223.0,240.59,0.0,0.0,202.20999999999998,13510,0.0,0.0
2021-11-05,1886.0,1870.29,0.0,0.0,128.13,9125,0.0,0.0
2021-11-06,1606.0,1446.7,0.0,0.0,109.54999999999998,6381,0.0,0.0
2021-11-07,1015.0,898.4,0.0,0.0,212.77,11867,0.0,0.0
2021-11-08,2301.0,1071.03,0.0,0.0,178.89,11628,0.0,0.0
2021-11-09,526.0,322.2,0.0,0.0,143.95999999999998,9453,0.0,0.0
2021-11-10,4086.0,515.28,0.0,0.0,253.9,16348,0.0,0.0
2021-11-11,1677.0,1702.45,0.0,0.0,105.76,7632,0.0,0.0
2021-11-12,3209.0,977.4399999999999,0.0,0.0,128.34,7039,0.0,0.0
2021-11-13,1557.0,1355.58,0.0,0.0,140.99,10117,0.0,0.0
2021-11-14,1148.0,1076.2,0.0,0.0,169.95,6890,0.0,0.0
2021-11-15,1056.0,1065.8,0.0,0.0,68.92999999999999,5197,0.0,0.0
2021-11-16,886.0,825.91,0.0,0.0,203.14,9052,0.0,0.0
2021-11-17,1392.0,1171.81,0.0,0.0,295.93,9840,0.0,0.0
2021-11-18,2024.0,1920.6999999999998,0.0,0.0,255.0,7647,0.0,0.0
2021-11-19,978.0,507.12,0.0,0.0,183.49,8036,0.0,0.0
2021-11-20,9998.8,9623.93,0.0,0.0,192.64,7237,0.0,0.0
2021-11-21,3053.4,2933.31,0.0,0.0,188.93,6648,0.0,0.0
2021-11-22,2277.8,2111.87,0.0,0.0,161.77,6107,0.0,0.0
2021-11-23,1437.8,1426.23,0.0,0.0,177.27,8593,0.0,0.0
2021-11-24,1836.1,1456.99,0.0,0.0,134.26,6331,0.0,1.0
2021-11-25,2753.1,2572.41,0.0,0.0,165.4,6394,0.0,1.0
2021-11-26,3173.8,3235.29,0.0,0.0,175.2,7409,0.0,1.0
2021-11-27,1523.2,1544.17,0.0,0.0,155.94,6935,0.0,1.0
2021-11-28,3553.3,3522.31,0.0,0.0,162.45999999999998,5440,0.0,1.0
2021-11-29,4100.0,2915.74,0.0,0.0,136.52,3291,0.0,1.0
2021-11-30,1723.5,1141.33,0.0,0.0,138.34,5429,0.0,0.0
2021-12-01,19212.5,17452.18,0.0,0.0,196.19,7198,0.0,0.0
2021-12-02,5476.0,4912.77,0.0,0.0,122.0,4267,0.0,0.0
2021-12-03,3611.5,2715.7,0.0,0.0,140.38,3128,0.0,0.0
2021-12-04,4504.0,3982.94,0.0,0.0,120.42999999999999,4262,0.0,0.0
2021-12-05,3864.0,3694.02,0.0,0.0,245.96999999999997,6722,0.0,0.0
2021-12-06,4487.5,1548.3400000000001,0.0,0.0,186.54000000000002,5427,0.0,0.0
2021-12-07,2135.0,1197.86,0.0,0.0,122.47999999999999,4034,0.0,0.0
2021-12-08,1405.0,675.77,0.0,0.0,158.17000000000002,7929,0.0,0.0
2021-12-09,2314.5,1542.6100000000001,0.0,0.0,127.52000000000001,5736,0.0,0.0
2021-12-10,1557.6,1447.4,0.0,0.0,141.3,8636,0.0,0.0
2021-12-11,1583.0,1482.0,0.0,0.0,138.93,6240,0.0,0.0
2021-12-12,1458.0,1080.06,0.0,0.0,170.56,5031,0.0,0.0
2021-12-13,2663.0,2462.11,0.0,0.0,167.60000000000002,6114,0.0,0.0
2021-12-14,2352.0,1695.01,0.0,0.0,140.903951,5979,0.0,0.0
2021-12-15,1583.0,1253.39,0.0,0.0,239.844518,9983,0.0,0.0
2021-12-16,2330.5,1800.85,0.0,0.0,230.796053,11015,0.0,0.0
2021-12-17,10221.0,7795.73,0.0,0.0,255.512802,20369,0.0,0.0
2021-12-18,6177.0,6022.58,0.0,0.0,252.869088,12580,0.0,0.0
2021-12-19,3758.5,3264.8999999999996,0.0,0.0,239.993109,7653,0.0,0.0
2021-12-20,2830.0,2377.06,0.0,0.0,144.12947300000002,6443,0.0,0.0
2021-12-21,1179.0,931.55,0.0,0.0,216.151953,9040,0.0,0.0
2021-12-22,867.0,819.85,0.0,0.0,99.619656,5718,0.0,0.0
2021-12-23,450.0,360.0,0.0,0.0,183.072494,10727,0.0,0.0
2021-12-24,1368.0,1286.0,0.0,0.0,107.893554,7274,0.0,0.0
2021-12-25,2898.0,2921.2200000000003,0.0,0.0,218.404964,6098,0.0,0.0
2021-12-26,1952.0,1830.9,0.0,0.0,171.820968,4543,0.0,0.0
2021-12-27,705.0,705.0,0.0,0.0,139.732195,5825,0.0,0.0
2021-12-28,6422.0,4446.93,0.0,0.0,199.473368,7722,0.0,0.0
2021-12-29,4798.0,4277.13,0.0,0.0,171.877132,7935,0.0,0.0
2021-12-30,4595.1,3868.42,0.0,0.0,233.750531,11489,0.0,0.0
2021-12-31,1558.0,1459.49,0.0,0.0,264.47452,8827,0.0,0.0
2022-01-01,1509.0,1471.45,1045.8600000000001,15104.0,213.802694,7079,0.0,0.0
2022-01-02,2608.0,2284.2999999999997,1169.05,17577.0,206.589383,8028,0.0,0.0
2022-01-03,2071.0,1693.94,1057.46,16441.0,209.63888,6996,0.0,0.0
2022-01-04,798.1,595.8,939.71,11331.0,196.447236,5643,0.0,0.0
2022-01-05,3873.5,3468.63,1174.530001,21159.0,194.82543900000002,6537,0.0,0.0
2022-01-06,6151.55,4617.19,1612.78,25851.0,143.116131,7235,0.0,0.0
2022-01-07,5443.6,5325.98,1595.73,27880.0,217.963862,6546,0.0,0.0
2022-01-08,7223.6,4816.17,1639.6699999999998,25373.0,210.329754,8837,0.0,0.0
2022-01-09,5821.7,5225.72,1495.53,24250.0,212.381018,5578,0.0,0.0
2022-01-10,4636.5,3049.6800000000003,1401.7,30858.0,167.231008,6680,0.0,0.0
2022-01-11,2904.4,2450.78,1327.36,35743.0,189.24307199999998,8256,0.0,0.0
2022-01-12,1866.4,1600.32,1420.3799999999999,33580.0,193.255161,11517,0.0,0.0
2022-01-13,5723.6,2120.86,1431.46,28314.0,173.272735,9497,0.0,0.0
2022-01-14,1610.2,1666.28,1483.84,37098.0,186.757671,8857,0.0,0.0
2022-01-15,5004.7,4786.3,1466.95,39693.0,188.246083,7235,0.0,0.0
2022-01-16,2907.3,2753.02,1402.02,39260.0,166.29978400000002,8231,0.0,0.0
2022-01-17,3826.7,3702.8,1419.56,43912.0,177.331578,8048,0.0,0.0
2022-01-18,2736.5,2593.87,1562.3999999999999,42356.0,204.308158,10385,0.0,0.0
2022-01-19,2148.1,1378.65,1603.37,37689.0,188.408105,7272,0.0,0.0
2022-01-20,4930.3,4026.88,1579.99,35992.0,181.609073,10657,0.0,0.0
2022-01-21,4969.0,2620.56,1587.1,38833.0,169.32162,10288,0.0,0.0
2022-01-22,4674.2,4507.0,1624.9,27692.0,199.97506099999998,6255,0.0,0.0
2022-01-23,3602.2,3359.4,1640.989999,33253.0,169.826892,5211,0.0,0.0
2022-01-24,15018.3,2788.16,1633.93,38837.0,133.635098,7454,0.0,0.0
2022-01-25,3842.2,3465.28,1634.6,41079.0,155.647684,6346,0.0,0.0
2022-01-26,2991.2,2919.8,1623.660002,42085.0,132.962232,10406,0.0,0.0
2022-01-27,7861.2,7319.02,1581.219998,51219.0,167.80082,10974,0.0,0.0
2022-01-28,3680.3,3028.8,1624.659999,49041.0,143.20157799999998,11059,0.0,0.0
2022-01-29,3881.8,3469.35,1595.6200000000001,47247.0,205.243089,10410,0.0,0.0
2022-01-30,4698.6,4530.8,1579.8899999999999,57580.0,106.126724,6392,0.0,0.0
2022-01-31,5290.1,4799.4400000000005,1563.15,63039.0,143.00034,8368,0.0,0.0
2022-02-01,2612.6,2552.8599999999997,1567.0499989999998,52576.0,124.492054,12584,0.0,0.0
2022-02-02,2556.7,2347.56,1604.27,38405.0,217.06506199999998,19294,0.0,0.0
2022-02-03,2592.7,2423.69,1668.93,41557.0,294.78531999999996,16805,0.0,0.0
2022-02-04,4073.7999999999997,3014.42,1613.59,62775.0,246.85925100000003,15803,0.0,0.0
2022-02-05,2786.1,2747.48,1673.12,61701.0,202.53846299999998,17098,0.0,0.0
2022-02-06,2746.7,2687.91,1558.69,75035.0,317.45665699999995,20513,0.0,0.0
2022-02-07,10780.9,2177.94,1402.44,104833.0,154.798403,16915,0.0,0.0
2022-02-08,4430.6,2291.74,1361.340001,46746.0,294.171786,17746,0.0,0.0
2022-02-09,4002.2,2203.02,1377.54,30956.0,206.566033,15733,0.0,0.0
2022-02-10,9652.5,1728.3400000000001,1320.89,29674.0,147.705562,16922,0.0,0.0
2022-02-11,4313.3,1667.9299999999998,1248.05,27187.0,210.980052,14111,0.0,0.0
2022-02-12,510.0,503.3,1093.64,24323.0,257.439714,13907,0.0,0.0
2022-02-13,30008.7,838.25,1093.93,24349.0,222.308805,12685,0.0,0.0
2022-02-14,5759.2,2519.4500000000003,1092.6,28957.0,170.803086,11332,0.0,0.0
2022-02-15,2888.5,2270.55,1326.5,35879.0,143.25127,9128,0.0,0.0
2022-02-16,22814.8,2339.25,1253.969999,24285.0,316.62,7785,0.0,0.0
2022-02-17,2539.0,2506.09,1268.09,26594.0,237.94,8060,0.0,0.0
2022-02-18,16688.5,1112.16,1231.46,21274.0,230.73000000000002,14225,0.0,0.0
2022-02-19,953.0,915.71,1278.65,19346.0,201.27,10573,0.0,0.0
2022-02-20,1257.5,1075.13,1205.1599999999999,21058.0,120.375601,9697,0.0,0.0
2022-02-21,1900.8,1774.28,1209.2,23419.0,109.08,8281,0.0,0.0
2022-02-22,6887.6,412.35999999999996,1110.3,24500.0,185.04999999999998,10567,0.0,0.0
2022-02-23,5742.0,454.2,1040.12,27409.0,128.15,10847,0.0,0.0
2022-02-24,11181.2,4224.84,1070.84,23734.0,166.06,13735,0.0,0.0
2022-02-25,2044.5,1579.78,1049.56,25422.0,190.01,11909,0.0,0.0
2022-02-26,2949.1,2729.4900000000002,1077.41,26609.0,219.63000000000002,13504,0.0,0.0
2022-02-27,3156.1,2137.32,1057.78,26931.0,163.91,10986,0.0,0.0
2022-02-28,3518.5,1571.99,1068.54,24121.0,143.24,11017,0.0,0.0
2022-03-01,41598.5,3575.8,1122.65,64609.0,180.26,13076,0.0,0.0
2022-03-02,41582.2,1903.25,1122.54,71603.0,159.47,13962,0.0,0.0
2022-03-03,4746.0,2440.73,1148.8,65979.0,211.984125,13617,0.0,0.0
2022-03-04,11705.0,8773.25,1177.33,64176.0,182.14,7149,0.0,0.0
2022-03-05,3637.0,2548.0099999999998,1181.97,60948.0,176.29999999999998,12131,0.0,0.0
2022-03-06,3765.5,2679.59,1133.32,64181.0,171.06,15667,0.0,0.0
2022-03-07,17683.5,1219.44,1149.39,78456.0,11.816217,481,0.0,0.0
2022-03-08,2294.4,1650.82,1149.08,82999.0,42.0,497,0.0,0.0
2022-03-09,9264.2,2531.33,1145.79,70377.0,45.84447600000001,565,0.0,0.0
2022-03-10,7396.3,6591.74,1206.77,55566.0,53.12041,798,0.0,0.0
2022-03-11,11682.6,6129.9,1542.14,55868.0,74.452719,851,0.0,0.0
2022-03-12,5943.9,5816.1,1573.9,77424.0,68.591482,984,0.0,0.0
2022-03-13,15749.4,11979.83,1514.03,93677.0,60.171262999999996,957,0.0,0.0
2022-03-14,4961.5,3658.88,1567.72,87349.0,115.017648,1456,0.0,0.0
2022-03-15,5271.7,4339.36,1565.69,89194.0,358.57341299999996,3586,0.0,0.0
2022-03-16,13536.3,12969.96,1441.5,86421.0,432.740453,2877,0.0,0.0
2022-03-17,6168.0,4438.27,1499.3799999999999,80404.0,414.592271,3503,0.0,0.0
2022-03-18,4726.0,3546.16,1574.24,68611.0,292.922243,1846,0.0,0.0
2022-03-19,17938.4,15294.039999999999,1705.88,78472.0,483.450054,3130,0.0,0.0
2022-03-20,4814.6,4561.2,1602.06,77128.0,429.8,3829,0.0,0.0
2022-03-21,3658.8,3395.08,1543.3,68202.0,428.68,2638,0.0,0.0
2022-03-22,2991.8,2470.34,1393.6,49572.0,405.99,2393,0.0,0.0
2022-03-23,5875.6,4309.33,1488.3,53974.0,393.02,2316,0.0,0.0
2022-03-24,2927.1,2690.08,1476.93,40452.0,303.728811,6436,0.0,0.0
2022-03-25,4709.3,4250.8,1578.79,38792.0,278.64002700000003,8690,0.0,0.0
2022-03-26,3152.2,3098.31,1702.51,37198.0,242.034358,2559,0.0,0.0
2022-03-27,3837.3,3625.15,1821.08,39998.0,158.852224,2938,0.0,0.0
2022-03-28,3635.3,3516.56,1563.97,40262.0,149.149144,4678,0.0,0.0
2022-03-29,2239.95,1528.24,1256.24,24036.0,121.372169,2913,0.0,0.0
2022-03-30,2187.5,1340.64,1229.99,21851.0,219.47063,3498,0.0,0.0
2022-03-31,4850.3,2697.3,1194.8700000000001,33185.0,133.674667,2051,0.0,0.0
2022-04-01,2361.2,2153.98,1386.4,33568.0,197.875608,3224,0.0,0.0
2022-04-02,4842.4,4927.08,1441.37,51738.0,216.37644899999998,6712,0.0,0.0
2022-04-03,2567.1,2406.73,1492.2,56974.0,133.705651,4477,0.0,0.0
2022-04-04,2517.1,2392.2200000000003,1433.59,61497.0,139.211163,6411,0.0,0.0
2022-04-05,19848.5,2549.68,1399.66,49367.0,111.728729,2492,0.0,0.0
2022-04-06,4469.5,3883.06,1563.19,50043.0,85.64534800000001,4340,0.0,0.0
2022-04-07,3587.9,3368.19,1460.71,43003.0,45.881710000000005,2521,0.0,0.0
2022-04-08,3679.1,2944.23,1239.68,39243.0,55.417677,5017,0.0,0.0
2022-04-09,2376.1,2217.99,1152.31,40032.0,52.639371999999995,5119,0.0,0.0
2022-04-10,4025.1,3679.33,1205.77,43279.0,86.04685,11699,0.0,0.0
2022-04-11,2168.6,1988.1000000000001,1112.02,49511.0,198.885957,10019,0.0,0.0
2022-04-12,2504.0,1609.26,1092.3400000000001,50905.0,245.29416000000003,7705,0.0,0.0
2022-04-13,3253.5,3126.93,1091.390001,38144.0,319.931265,5916,0.0,0.0
2022-04-14,8899.9,7552.75,1289.0800000000002,53920.0,271.52005199999996,7857,0.0,0.0
2022-04-15,26802.4,21525.76,1725.92,58691.0,258.13187100000005,4917,0.0,0.0
2022-04-16,11903.5,9172.85,1818.57,59154.0,431.107835,16324,0.0,0.0
2022-04-17,5874.4,4584.84,1782.1699999999998,64340.0,247.398919,6525,0.0,0.0
2022-04-18,9440.3,6595.34,1797.3600000000001,63504.0,211.763673,6734,0.0,0.0
2022-04-19,6067.8,4577.84,1872.18,59709.0,158.29771,3648,0.0,0.0
2022-04-20,10359.2,8098.86,1846.93,54896.0,133.30209000000002,2295,0.0,0.0
2022-04-21,6289.3,4971.7699999999995,1854.3899999999999,56520.0,139.690498,4331,0.0,0.0
2022-04-22,7775.0,6060.8,1820.11,58484.0,133.623277,2956,0.0,0.0
2022-04-23,6340.7,4700.22,1930.2,52738.0,117.98752400000001,3262,0.0,0.0
2022-04-24,6118.2,4832.03,1999.3000000000002,59751.0,161.794373,2924,0.0,0.0
2022-04-25,6845.5,5008.03,2027.4,56461.0,158.671092,2578,0.0,0.0
2022-04-26,3080.3,3017.03,1265.92,36010.0,208.33493499999997,3585,0.0,0.0
2022-04-27,1117.1,964.15,1334.3700000000001,31885.0,92.036534,2410,0.0,0.0
2022-04-28,2659.0,2454.12,1337.8999999999999,30975.0,55.474852,2393,0.0,0.0
2022-04-29,1698.5,1782.88,1284.45,33862.0,165.609174,3491,0.0,0.0
2022-04-30,2823.0,2662.66,1369.91,33773.0,201.179081,3830,0.0,0.0
2022-05-01,3991.8,3906.78,1406.76,39466.0,149.206493,3909,0.0,0.0
2022-05-02,3766.5,3488.29,1307.79,41916.0,137.136772,5025,0.0,0.0
2022-05-03,3146.2,2839.45,1282.25,34115.0,202.164204,5972,0.0,0.0
2022-05-04,5382.8,5070.97,1326.81,37785.0,152.039211,2450,0.0,0.0
2022-05-05,7125.0,5500.65,1293.69,35313.0,147.854771,2272,0.0,0.0
2022-05-06,3379.0,2889.74,1217.22,33494.0,146.26459,2570,0.0,0.0
2022-05-07,9847.7,9595.76,1323.9,34346.0,141.379014,2988,0.0,0.0
2022-05-08,1972.5,1951.07,1398.01,40531.0,150.76199699999998,3615,0.0,0.0
2022-05-09,5950.8,5699.64,1342.6399999999999,44772.0,170.029666,2489,0.0,0.0
2022-05-10,8719.7,8046.62,1325.74,38813.0,145.740624,1086,0.0,0.0
2022-05-11,1475.5,1371.1,1273.2,26325.0,138.042458,1646,0.0,0.0
2022-05-12,2848.3,2517.02,1278.69,31798.0,119.55837500000001,1013,0.0,0.0
2022-05-13,5457.8,4260.07,1394.199999,34653.0,131.796165,1231,0.0,0.0
2022-05-14,5488.8,4561.94,1446.04,33486.0,151.094327,1643,0.0,0.0
2022-05-15,2109.6,1743.63,1509.78,42297.0,123.828292,1477,0.0,0.0
2022-05-16,1232.9,929.5699999999999,1445.68,27463.0,145.65115400000002,3144,0.0,0.0
2022-05-17,1600.6,1478.7,1360.6200000000001,35618.0,128.438511,1496,0.0,0.0
2022-05-18,2495.0,2355.64,1378.22,35078.0,87.316975,1199,0.0,0.0
2022-05-19,3301.5,3115.0499999999997,1354.32,34361.0,115.32126199999999,3032,0.0,0.0
2022-05-20,1267.6,1242.44,1382.08,31264.0,77.375056,832,0.0,0.0
2022-05-21,3179.6,2921.8,1484.18,33588.0,103.968061,1009,0.0,0.0
2022-05-22,993.6,973.59,1550.1499999999999,37221.0,151.034582,1000,1.0,0.0
2022-05-23,2383.2,2305.49,1233.82,27322.0,80.131614,897,1.0,0.0
2022-05-24,933.0,919.24,1219.8600000000001,28444.0,75.58285000000001,1155,1.0,0.0
2022-05-25,1722.0,1653.1399999999999,1167.840001,30157.0,79.405576,891,1.0,0.0
2022-05-26,2917.6,2435.96,1258.2,31030.0,77.840733,845,0.0,0.0
2022-05-27,4756.1,4643.04,1278.17,30081.0,86.303766,839,0.0,0.0
2022-05-28,2357.3,2059.41,1284.57,27681.0,76.561554,787,0.0,0.0
2022-05-29,573.2,579.68,1398.79,31849.0,123.778277,1387,1.0,0.0
2022-05-30,1531.8,1309.73,1338.09,27910.0,82.79341,839,1.0,0.0
2022-05-31,4034.5,3790.34,1262.94,30069.0,93.728583,1016,0.0,0.0
2022-06-01,2996.1,2960.99,1279.21,37233.0,94.481995,1765,0.0,0.0
2022-06-02,1956.1,1904.77,1757.309999,40253.0,150.874642,6199,0.0,0.0
2022-06-03,3505.0,3469.3,2383.48,45467.0,82.637327,924,0.0,0.0
2022-06-04,2329.0,2335.56,2715.04,45311.0,191.143953,8157,0.0,0.0
2022-06-05,1230.5,1272.21,1404.08,30169.0,116.06415100000001,2230,0.0,0.0
2022-06-06,796.6,757.73,1392.87,24593.0,81.701589,1337,0.0,0.0
2022-06-07,1773.3,1626.44,1469.86,19269.0,87.283788,1149,0.0,0.0
2022-06-08,2874.0,2768.75,1600.25,29319.0,90.764971,1688,0.0,0.0
2022-06-09,3751.8,3489.2200000000003,1575.8999999999999,31049.0,35.12207,369,0.0,0.0
2022-06-10,1966.2,1928.59,1595.8,21750.0,1.38,21,0.0,0.0
2022-06-11,3349.0,3753.05,1637.869999,19962.0,2.55,21,0.0,0.0
2022-06-12,2424.5,2435.68,1667.47,19448.0,4.54,27,0.0,0.0
2022-06-13,845.0,827.0699999999999,1588.95,20594.0,7.63,27,0.0,0.0
2022-06-14,1727.5,1747.1,1602.49,18911.0,38.33,95,0.0,0.0
2022-06-15,2971.4,3088.81,1415.3600000000001,19671.0,9.16,55,0.0,0.0
2022-06-16,1577.2,1522.1100000000001,1232.040002,18309.0,4.57,45,0.0,0.0
2022-06-17,1687.8,1694.4,1215.5,20669.0,22.46,34,0.0,0.0
2022-06-18,2315.4,2233.12,1140.3600000000001,19465.0,11.82,31,0.0,0.0
2022-06-19,2693.6,2667.02,1245.17,23815.0,3.11,28,0.0,0.0
2022-06-20,2200.8,2097.91,1250.84,24956.0,6.9,30,0.0,0.0
2022-06-21,729.0,734.25,1264.8,25272.0,13.46,37,0.0,0.0
2022-06-22,1220.6,1237.3,1241.83,41258.0,21.77,17,0.0,0.0
2022-06-23,1933.6,1896.97,1193.37,26032.0,0.11,23,0.0,0.0
2022-06-24,2772.0,2689.14,1163.01,23714.0,1.0,20,0.0,0.0
2022-06-25,3635.0,3699.47,1139.57,23527.0,0.11,10,0.0,0.0
2022-06-26,2919.9,2968.78,1223.53,25423.0,6.11,20,0.0,0.0
2022-06-27,3158.4,3259.5499999999997,1196.89,24528.0,9.38,18,0.0,0.0
2022-06-28,4310.1,4119.75,1168.27,19898.0,19.77,40,0.0,0.0
2022-06-29,2025.3,2009.59,1091.02,22923.0,27.34,22,0.0,0.0
2022-06-30,10709.9,8060.0,1147.18,25810.0,12.99,70,0.0,0.0
2022-07-01,5045.1,4032.31,1135.87,26478.0,4.71,47,0.0,0.0
2022-07-02,5188.900000000001,4122.03,1198.43,23226.0,3.6,29,0.0,0.0
2022-07-03,8595.4,6542.27,1492.0,29654.0,199.98000000000002,236,0.0,0.0
2022-07-04,7647.2,6096.77,1362.93,31160.0,185.08,650,0.0,0.0
2022-07-05,7522.599999999999,6033.16,1350.3999999999999,34419.0,113.35,486,0.0,0.0
2022-07-06,2341.4,2102.5099999999998,975.62,22855.0,113.48,319,0.0,0.0
2022-07-07,1518.8,1430.09,0.0,0.0,118.07000000000001,840,0.0,0.0
2022-07-08,2588.4,2362.03,0.0,0.0,30.09,109,0.0,0.0
2022-07-09,2372.4,2538.82,0.0,0.0,23.17,79,0.0,0.0
2022-07-10,1926.6,1617.0700000000002,0.0,0.0,71.52,847,0.0,0.0
2022-07-11,1842.2,1586.12,0.0,0.0,287.37786400000005,11194,0.0,0.0
2022-07-12,1624.3,1100.19,0.0,0.0,230.894126,5529,0.0,0.0
2022-07-13,1073.7,1043.1399999999999,0.0,0.0,184.89705700000002,7918,0.0,0.0
2022-07-14,3749.5,2964.32,0.0,0.0,111.63137,4314,0.0,0.0
2022-07-15,2690.6,2531.38,0.0,0.0,110.56510700000001,5607,0.0,0.0
2022-07-16,3148.9,2996.82,0.0,0.0,146.893775,3205,0.0,0.0
2022-07-17,2235.8,2113.64,0.0,0.0,81.269265,6986,0.0,0.0
2022-07-18,2731.0,2584.16,0.0,0.0,96.644258,2770,0.0,0.0
2022-07-19,2446.7,2163.64,0.0,0.0,161.617916,5041,0.0,0.0
2022-07-20,2164.6,2032.81,0.0,0.0,69.189688,1422,0.0,0.0
2022-07-21,3528.5,3390.69,0.0,0.0,39.676394,1550,0.0,0.0
2022-07-22,4093.5,4134.72,0.0,0.0,63.91869,1832,0.0,0.0
2022-07-23,2962.7,2782.09,0.0,0.0,44.429859,3467,0.0,0.0
2022-07-24,2189.6,2080.22,0.0,0.0,70.35055,2611,0.0,0.0
2022-07-25,1905.6,1908.92,0.0,0.0,46.042777,3569,0.0,0.0
2022-07-26,2005.9,1857.87,0.0,0.0,43.387561999999996,2816,0.0,0.0
2022-07-27,1801.5,1653.47,0.0,0.0,68.228977,1230,0.0,0.0
2022-07-28,4014.9,3588.6,0.0,0.0,48.685214,2750,0.0,0.0
2022-07-29,3790.4,3589.35,0.0,0.0,157.397155,3731,0.0,0.0
2022-07-30,2672.7,3212.28,0.0,0.0,53.811001000000005,1321,0.0,0.0
2022-07-31,2018.9,1927.22,0.0,0.0,31.254500999999998,3716,0.0,0.0
2022-08-01,2166.6,2090.59,0.0,0.0,158.31164600000002,1941,0.0,0.0
2022-08-02,3589.0,3360.6,0.0,0.0,28.473475999999998,766,0.0,0.0
2022-08-03,1343.2,1313.65,0.0,0.0,12.209999999999999,24,0.0,0.0
2022-08-04,2712.7,2715.13,0.0,0.0,2.9,32,0.0,0.0
2022-08-05,3878.5,3896.38,0.0,0.0,5.95,31,0.0,0.0
2022-08-06,3106.1,2892.45,0.0,0.0,20.96,53,0.0,0.0
2022-08-07,3481.3,3300.18,0.0,0.0,6.369999999999999,26,0.0,0.0
2022-08-08,1381.8,1321.3600000000001,0.0,0.0,10.62,46,0.0,0.0
2022-08-09,1525.0,1498.52,0.0,0.0,4.04,30,0.0,0.0
2022-08-10,2987.1,2736.96,0.0,0.0,39.76,43,0.0,0.0
2022-08-11,2281.2,2330.61,0.0,0.0,31.77,38,0.0,0.0
2022-08-12,2333.0,2153.36,0.0,0.0,48.050000000000004,48,0.0,0.0
2022-08-13,2973.8,2934.83,0.0,0.0,44.650000000000006,47,0.0,0.0
2022-08-14,1591.3,1532.67,0.0,0.0,18.55,45,0.0,0.0
2022-08-15,2352.7,2255.6,0.0,0.0,11.98,27,0.0,0.0
2022-08-16,1963.9,1963.33,0.0,0.0,4.66,26,0.0,0.0
2022-08-17,2347.0,2400.16,0.0,0.0,21.549999999999997,52,0.0,0.0
2022-08-18,2529.5,2501.1400000000003,0.0,0.0,8.7,29,0.0,0.0
2022-08-19,901.5,868.9200000000001,0.0,0.0,24.55,32,0.0,0.0
2022-08-20,2028.2,1876.79,0.0,0.0,19.79,30,0.0,0.0
2022-08-21,2476.2,2292.28,0.0,0.0,4.4,31,0.0,0.0
2022-08-22,605.6,542.88,0.0,0.0,52.29,29,0.0,0.0
2022-08-23,738.6,695.3000000000001,0.0,0.0,61.260000000000005,54,0.0,0.0
2022-08-24,2665.1,2697.73,0.0,0.0,5.01,31,0.0,0.0
2022-08-25,1122.1,1042.84,0.0,0.0,8.46,30,0.0,0.0
2022-08-26,1591.3000000000002,1355.04,0.0,0.0,14.47,24,0.0,0.0
2022-08-27,1394.0,1295.95,0.0,0.0,0.01,11,0.0,0.0
2022-08-28,2931.95,2521.29,0.0,0.0,15.559999999999999,31,0.0,0.0
2022-08-29,4880.45,3714.85,0.0,0.0,7.26,36,0.0,0.0
2022-08-30,3440.65,2862.43,0.0,0.0,16.83,26,0.0,0.0
2022-08-31,4033.1,3080.4500000000003,0.0,0.0,10.839999999999998,39,0.0,0.0
2022-09-01,6809.5,5413.15,0.0,0.0,7.8327420000000005,112,0.0,0.0
2022-09-02,3051.1,2554.78,0.0,0.0,36.66,69,0.0,0.0
2022-09-03,4610.65,3514.34,0.0,0.0,31.189999999999998,67,0.0,0.0
2022-09-04,2552.7,1927.55,0.0,0.0,6.5987029999999995,54,0.0,0.0
2022-09-05,5251.2,3909.39,0.0,0.0,309.32332399999996,65168,0.0,0.0
2022-09-06,1409.5,996.2,0.0,0.0,336.67956999999996,127073,0.0,0.0
2022-09-07,5269.4,4964.28,20.470000000000002,7120.0,374.65320899999995,26423,0.0,0.0
2022-09-08,2465.05,2071.58,26.93,10499.0,418.856903,55531,0.0,0.0
2022-09-09,1297.2,1220.37,30.43,9178.0,386.02525999999995,21799,0.0,0.0
2022-09-10,1784.6,1840.79,33.88,24116.0,441.601612,34531,0.0,0.0
2022-09-11,2472.25,2342.2599999999998,32.79,25235.0,346.099642,40195,0.0,0.0
2022-09-12,1083.1,1003.27,5.49,3967.0,387.89579599999996,83891,0.0,0.0
2022-09-13,1041.5,918.2,0.0,0.0,353.037898,137946,0.0,0.0
2022-09-14,1743.5,1544.28,0.0,0.0,414.20931799999994,120652,0.0,0.0
2022-09-15,1332.0,1078.19,0.0,0.0,411.333615,56535,0.0,0.0
2022-09-16,972.75,892.61,0.0,0.0,328.2653,28897,0.0,0.0
2022-09-17,1306.5,1171.0,0.0,0.0,384.327196,46436,0.0,0.0
2022-09-18,633.5,591.06,0.0,0.0,324.436754,21922,0.0,0.0
2022-09-19,1170.1,1152.78,0.0,0.0,357.230571,36901,0.0,0.0
2022-09-20,2315.1,2206.61,0.0,0.0,285.895501,33216,0.0,0.0
2022-09-21,1651.5,1157.07,0.0,0.0,358.96705799999995,102071,0.0,0.0
2022-09-22,1429.7,1351.3600000000001,0.0,0.0,371.00022099999995,74662,0.0,0.0
2022-09-23,1440.85,1488.94,0.0,0.0,323.910434,32912,0.0,0.0
2022-09-24,492.25,461.91,0.0,0.0,306.017677,34060,0.0,0.0
2022-09-25,1688.1,1603.63,0.0,0.0,275.09831899999995,29698,0.0,0.0
2022-09-26,788.5,812.54,0.0,0.0,305.51627600000006,34105,0.0,0.0
2022-09-27,1201.6,1242.43,0.0,0.0,307.84959699999996,45027,0.0,0.0
2022-09-28,2823.5,2970.21,0.0,0.0,428.475239,33042,0.0,0.0
2022-09-29,4182.9,3145.18,0.0,0.0,292.77699699999994,17053,0.0,0.0
2022-09-30,2559.65,2274.1,0.0,0.0,323.240935,55071,0.0,0.0
2022-10-01,3479.75,3048.55,0.0,0.0,305.00190299999997,69274,0.0,0.0
2022-10-02,1748.35,1744.05,0.0,0.0,312.838051,90343,0.0,0.0
2022-10-03,6718.3,3156.19,0.0,0.0,586.014252,31978,0.0,0.0
2022-10-04,2345.0,1410.83,0.0,0.0,466.10771200000005,26810,0.0,0.0
2022-10-05,2847.1,2189.2,0.0,0.0,309.872191,32178,0.0,0.0
2022-10-06,3577.9,3257.69,0.0,0.0,308.7891,46039,0.0,0.0
2022-10-07,2427.2,2460.4,0.0,0.0,314.177582,42686,0.0,0.0
2022-10-08,490.0,500.12,0.0,0.0,295.010856,72582,0.0,0.0
2022-10-09,1687.5,1558.28,0.0,0.0,320.017989,88509,0.0,0.0
2022-10-10,1369.5,1250.39,0.0,0.0,321.717811,73275,0.0,0.0
2022-10-11,1424.2,1394.15,0.0,0.0,316.870159,36680,0.0,0.0
2022-10-12,3041.5,2612.39,0.0,0.0,331.951134,30180,0.0,0.0
2022-10-13,1125.6,1176.1100000000001,0.0,0.0,373.0244,38380,0.0,0.0
2022-10-14,3815.0,3971.11,0.0,0.0,295.087417,68790,0.0,0.0
2022-10-15,1764.25,1732.43,0.0,0.0,294.17095,103714,0.0,0.0
2022-10-16,2217.4,2192.03,0.0,0.0,307.61062499999997,71714,0.0,0.0
2022-10-17,3454.4,2917.6800000000003,0.0,0.0,300.69776699999994,29842,0.0,0.0
2022-10-18,2236.9,2234.08,68.58,1003.0,328.18209500000006,30445,0.0,0.0
2022-10-19,3673.4,2893.9500000000003,474.44000000000005,7612.0,326.159623,42834,0.0,0.0
2022-10-20,2818.3,2681.69,1105.96,16418.0,309.46512999999993,27360,0.0,0.0
2022-10-21,2282.0,2333.31,1162.28,15181.0,352.015215,45845,0.0,0.0
2022-10-22,3266.4,3080.13,1197.8400000000001,12042.0,378.16005600000005,40829,0.0,0.0
2022-10-23,3518.65,3470.52,1217.78,14042.0,468.891049,300586,0.0,0.0
2022-10-24,5191.05,4461.46,1204.62,15618.0,636.668204,17421,0.0,0.0
2022-10-25,2307.75,2245.2,1152.06,16889.0,622.833507,23456,0.0,0.0
2022-10-26,2897.05,2374.12,1117.77,15539.0,568.940555,19315,0.0,0.0
2022-10-27,3353.45,3801.51,1142.6399999999999,15981.0,502.155638,19911,0.0,0.0
2022-10-28,3105.3,2926.63,1085.97,28596.0,542.285008,21078,0.0,0.0
2022-10-29,2923.05,2812.3,1129.15,14242.0,518.403508,21261,0.0,0.0
2022-10-30,2282.05,2366.46,1267.21,13506.0,463.756892,23437,0.0,0.0
2022-10-31,2103.55,1957.12,1187.96,18770.0,375.148274,15263,0.0,0.0
2022-11-01,2113.3,2148.77,1154.92,21896.0,454.088047,18871,0.0,0.0
2022-11-02,3532.3,3671.05,1712.44,40365.0,426.510754,28819,0.0,0.0
2022-11-03,2851.9,2832.07,2276.18,39653.0,378.03129699999994,19860,0.0,0.0
2022-11-04,5312.75,4321.59,1940.61,38991.0,483.604901,57701,0.0,0.0
2022-11-05,2019.75,2037.17,1137.31,20289.0,626.092309,40028,0.0,0.0
2022-11-06,2158.35,2101.44,1249.15,22211.0,648.916967,33599,0.0,0.0
2022-11-07,1415.0,1426.08,1163.5,17056.0,592.403048,46497,0.0,0.0
2022-11-08,1757.6,1798.92,1097.1,19433.0,574.726412,73837,0.0,0.0
2022-11-09,3015.1,2773.65,1081.81,36119.0,536.230196,111923,0.0,0.0
2022-11-10,3960.6000000000004,3871.1,1152.25,31172.0,508.97792400000003,113742,0.0,0.0
2022-11-11,1567.45,1573.73,1146.6,19472.0,543.94579,112421,0.0,0.0
2022-11-12,1756.75,1851.5900000000001,1159.58,20358.0,554.736692,113921,0.0,0.0
2022-11-13,2325.6,2331.13,1184.56,24093.0,623.0092500000001,83650,0.0,0.0
2022-11-14,4677.85,4020.6099999999997,1176.01,24235.0,647.748787,91984,0.0,0.0
2022-11-15,7386.27,6925.9400000000005,1345.82,20516.0,653.801775,76479,0.0,0.0
2022-11-16,3807.95,3857.16,1488.859999,30821.0,669.796003,79283,0.0,0.0
2022-11-17,3685.57,3577.55,1945.85,34037.0,632.450417,73779,0.0,0.0
2022-11-18,4827.76,4746.97,2205.34,31278.0,695.87267,139849,0.0,0.0
2022-11-19,2186.83,2319.49,2292.75,28711.0,588.72354,53171,0.0,0.0
2022-11-20,4887.36,5075.63,2392.27,32591.0,671.065044,47506,0.0,0.0
2022-11-21,2785.5699999999997,2376.84,2316.909999,37059.0,594.03921,41967,0.0,0.0
2022-11-22,2303.38,2298.11,3293.419999,42282.0,1001.1989030000001,95507,0.0,0.0
2022-11-23,1671.65,1645.47,4562.9800000000005,42479.0,1078.87787,130066,0.0,0.0
2022-11-24,1685.57,1713.81,4622.2699999999995,41646.0,1099.93754,126075,0.0,0.0
2022-11-25,6111.11,6275.4,4587.36,41472.0,1202.6086070000001,121673,0.0,0.0
2022-11-26,3226.9,3206.25,4619.07,49353.0,1245.5875059999998,165701,0.0,0.0
2022-11-27,2815.31,2841.14,4838.7,48618.0,1160.1005,200356,0.0,0.0
2022-11-28,7149.5199999999995,6834.98,4720.29,39620.0,1268.189923,74181,0.0,0.0
2022-11-29,5968.89,5964.15,3375.079999,38996.0,1186.8789339999998,90710,0.0,0.0
2022-11-30,2581.8,2595.36,3629.7,61240.0,1077.5734029999999,74601,0.0,0.0
2022-12-01,3834.15,3914.5099999999998,4131.63,72935.0,1140.252395,62149,0.0,0.0
2022-12-02,4912.9,4660.86,4194.91,69092.0,994.644538,49362,0.0,0.0
2022-12-03,1919.9,2084.51,2207.88,49341.0,558.25973,42108,0.0,0.0
2022-12-04,2784.7000000000003,2467.64,2241.99,45006.0,640.246338,30150,0.0,0.0
2022-12-05,2700.95,2579.92,2088.9,56836.0,668.294446,187114,0.0,0.0
2022-12-06,3662.8,3713.4500000000003,2098.940001,51237.0,613.597148,120481,0.0,0.0
2022-12-07,2127.8,2153.98,2053.37,39401.0,545.831971,106067,0.0,0.0
2022-12-08,3865.3,3519.25,2062.64,49193.0,505.671379,50781,0.0,0.0
2022-12-09,2163.4,2189.9,2075.12,53486.0,581.507506,51846,0.0,0.0
2022-12-10,4118.75,4181.27,2079.04,46798.0,576.736939,67030,0.0,0.0
2022-12-11,1804.0,1918.35,2269.8,45368.0,575.532793,109169,0.0,0.0
2022-12-12,6184.7,5768.6900000000005,2182.86,47047.0,741.044166,134999,0.0,0.0
2022-12-13,3501.55,3204.48,2347.9,46516.0,693.489714,94468,0.0,0.0
2022-12-14,2227.85,2304.43,2291.66,45109.0,694.861334,129234,0.0,0.0
2022-12-15,1932.9,2249.95,2071.14,41059.0,586.484194,80533,0.0,0.0
2022-12-16,8282.5,7857.05,1940.55,42695.0,501.148972,70356,0.0,0.0
2022-12-17,4957.1,5061.44,1944.82,46422.0,720.642555,91728,0.0,0.0
2022-12-18,2836.2,2950.18,2167.45,47090.0,509.390127,47165,0.0,0.0
2022-12-19,1177.0,1237.51,1326.22,28287.0,572.81652,49967,0.0,0.0
2022-12-20,2104.75,2108.7999999999997,2156.34,66003.0,731.641253,92017,0.0,0.0
2022-12-21,4664.8,4597.98,5000.0,123352.0,682.33496,46869,0.0,0.0
2022-12-22,6646.4,6914.33,5000.0,136609.0,1424.036287,84137,0.0,0.0
2022-12-23,4897.2,4986.98,5000.0,164460.0,1410.859207,70969,0.0,0.0
2022-12-24,6147.0,6410.28,5000.0,161306.0,1057.812692,180305,0.0,0.0
2022-12-25,6877.0,6945.82,5000.0,204171.0,1130.837281,82824,0.0,0.0
2022-12-26,5486.5,5618.61,5000.0,187205.0,1123.500947,95910,0.0,0.0
2022-12-27,6942.7,6608.99,5000.0,178651.0,1158.135466,137137,0.0,0.0
2022-12-28,4132.2,4394.7699999999995,5000.0,172718.0,942.657964,112674,0.0,0.0
2022-12-29,7002.0,7184.54,5000.0,143899.0,683.672702,139275,0.0,0.0
2022-12-30,5341.9,5286.05,5000.000001,151577.0,643.424309,78468,0.0,0.0
2022-12-31,5345.5,5245.67,5000.0,169150.0,547.551534,50264,0.0,0.0
2023-01-01,6568.55,6713.07,4999.999999,214798.0,839.378415,78344,0.0,0.0
2023-01-02,6768.7,6693.84,5000.0,173910.0,943.4604899999999,99438,0.0,0.0
2023-01-03,6903.8,6361.58,5000.0,144318.0,808.539972,105014,0.0,0.0
2023-01-04,5533.65,5272.07,5000.0,154678.0,683.1450600000001,109470,0.0,0.0
2023-01-05,4600.25,4316.49,4999.999999,146436.0,666.114331,80614,0.0,0.0
2023-01-06,6828.18,6507.62,4185.73,118005.0,856.8102150000001,115057,0.0,0.0
2023-01-07,4448.9,4496.45,4332.12,119832.0,804.9251039999999,108339,0.0,0.0
2023-01-08,4539.75,4626.25,4076.31,101581.0,905.708835,112559,0.0,0.0
2023-01-09,4436.099999999999,4346.81,4455.13,129896.0,929.656317,83642,0.0,0.0
2023-01-10,5554.4,4608.13,4846.55,154120.0,737.925409,201570,0.0,0.0
2023-01-11,3977.9,3880.46,4826.95,171824.0,517.527818,98668,0.0,0.0
2023-01-12,7226.9,7373.35,4655.2,156950.0,471.828979,90895,0.0,0.0
2023-01-13,8324.25,8293.34,4767.42,155508.0,458.749631,121436,0.0,0.0
2023-01-14,8342.8,8594.44,4802.68,165036.0,490.819938,86581,0.0,0.0
2023-01-15,6257.6,6618.349999999999,5000.0,187072.0,495.866661,122870,0.0,0.0
2023-01-16,5108.7,5042.53,4987.18,199994.0,436.211878,41711,0.0,0.0
2023-01-17,4080.7,4434.65,4910.25,190633.0,302.089263,74678,0.0,0.0
2023-01-18,5040.2,4877.01,4690.05,181797.0,136.472311,11386,0.0,0.0
2023-01-19,12955.8,7838.25,4302.0,129129.0,119.031939,8441,0.0,0.0
2023-01-20,5851.6,6239.59,5025.0,156857.0,80.04302999999999,14447,0.0,0.0
2023-01-21,9624.15,9861.13,4929.48,115065.0,95.991899,7347,0.0,0.0
2023-01-22,7257.85,7174.43,5262.599999999999,163350.0,88.909498,2636,0.0,0.0
2023-01-23,4030.15,3719.71,4779.349999999999,121343.0,161.773708,24503,0.0,0.0
2023-01-24,6521.6,6459.47,4923.109998999999,135746.0,118.512078,7404,0.0,0.0
2023-01-25,6094.45,5890.61,4881.74,167672.0,133.347053,7660,0.0,0.0
2023-01-26,6109.8,6245.84,4706.28,132689.0,145.504715,7885,0.0,0.0
2023-01-27,9815.25,9604.37,4797.08,183046.0,110.773212,17620,0.0,0.0
2023-01-28,8426.2,8628.53,4808.739998999999,199694.0,167.61520199999998,18464,0.0,0.0
2023-01-29,12521.5,13049.67,5327.4400000000005,182272.0,133.075128,11052,0.0,0.0
2023-01-30,7999.3,6896.18,5040.7,195529.0,129.907909,14761,0.0,0.0
2023-01-31,6883.55,7278.71,4912.14,178632.0,119.734821,16102,0.0,0.0
2023-02-01,6534.1,6102.72,4824.96,200624.0,130.758608,38443,0.0,0.0
2023-02-02,5030.0,5445.22,4835.62,170542.0,150.326854,49444,0.0,0.0
2023-02-03,4767.6,5119.0,4826.41,197955.0,203.19462800000002,18084,0.0,0.0
2023-02-04,7822.5,8388.05,4882.709999,193298.0,134.778459,7161,0.0,0.0
2023-02-05,4708.0,5149.82,5243.57,203362.0,155.798096,13527,0.0,0.0
2023-02-06,5966.0,6242.92,5043.579998,249517.0,156.080086,23906,0.0,0.0
2023-02-07,6065.25,6580.96,5011.090002,134897.0,140.148945,24795,0.0,0.0
2023-02-08,8555.5,8895.96,4880.029997,133263.0,135.994185,10606,0.0,0.0
2023-02-09,6573.5,6590.04,4975.030001,120760.0,163.384189,11420,0.0,0.0
2023-02-10,8452.5,7795.509999999999,5034.750001,179652.0,183.702368,5727,0.0,0.0
2023-02-11,6177.8,6474.15,4991.0,187648.0,125.08946,6238,0.0,0.0
2023-02-12,6622.8,7021.26,5523.92,187808.0,91.808541,10530,0.0,0.0
2023-02-13,4834.55,5289.8,5214.18,233038.0,114.835634,4420,0.0,0.0
2023-02-14,4932.5,5390.18,5116.0599999999995,162946.0,256.472339,19087,0.0,0.0
2023-02-15,4020.0,4451.69,4957.400002,128839.0,278.83228099999997,78625,0.0,0.0
2023-02-16,3665.1,4034.95,5181.88,159776.0,233.748928,67992,0.0,0.0
2023-02-17,5271.6,5617.66,4036.24,101331.0,283.198242,33058,0.0,0.0
2023-02-18,5165.5,5507.4800000000005,4204.15,90350.0,211.030414,49963,0.0,0.0
2023-02-19,3079.8,3320.42,4664.8,109714.0,185.583944,58155,0.0,0.0
2023-02-20,3759.25,3966.29,4380.71,133933.0,333.969348,48530,0.0,0.0
2023-02-21,2324.6,2519.62,4427.83,120396.0,164.156011,48618,0.0,0.0
2023-02-22,9330.7,9880.93,4354.03,142776.0,211.350226,20730,0.0,0.0
2023-02-23,5023.2,4761.46,4431.56,145509.0,190.84914,13935,0.0,0.0
2023-02-24,3744.3,3644.58,4759.12,146477.0,192.680955,74901,0.0,0.0
2023-02-25,4600.0,4937.66,4895.8099999999995,100990.0,145.891764,53090,0.0,0.0
2023-02-26,3705.0,3962.6,5180.45,148626.0,189.60379,43515,0.0,0.0
2023-02-27,5201.0,5104.2,4835.57,143120.0,141.856781,19538,0.0,0.0
2023-02-28,5408.1,4973.93,4032.3500010000002,103349.0,117.008002,35200,0.0,0.0
2023-03-01,9162.0,6523.33,4022.689999,123829.0,149.868706,72184,0.0,0.0
2023-03-02,5432.1,4065.7,3884.29,104887.0,197.708459,30972,0.0,0.0
2023-03-03,4090.7,3957.58,3977.7599999999998,97291.0,195.957562,17867,0.0,0.0
2023-03-04,4416.0,4564.15,4081.56,93467.0,132.800868,7325,0.0,0.0
2023-03-05,3000.0,3195.61,4261.11,89881.0,151.048094,8764,0.0,0.0
2023-03-06,1867.5,1567.16,4079.38,98971.0,129.930949,8597,0.0,0.0
2023-03-07,5296.1,4582.49,3958.16,77033.0,110.859538,12440,0.0,0.0
2023-03-08,5941.5,4712.34,4137.08,85145.0,128.594068,7346,0.0,0.0
2023-03-09,7181.5,7345.79,5122.78,97182.0,353.629463,51829,0.0,0.0
2023-03-10,7357.1,7821.11,7365.33,147724.0,324.77531,98091,0.0,0.0
2023-03-11,9641.05,10041.58,9817.07,157233.0,434.02451299999996,123834,0.0,0.0
2023-03-12,7903.0,8165.82,10164.61,162281.0,349.84319,115967,0.0,0.0
2023-03-13,7176.25,7573.45,9797.96,199869.0,410.630468,124031,0.0,0.0
2023-03-14,4603.9,4798.39,9503.15,159921.0,422.565284,117606,0.0,0.0
2023-03-15,7275.0,7518.849999999999,9724.73,202319.0,660.46544,79412,0.0,0.0
2023-03-16,8610.7,7607.26,10048.67,223332.0,592.5963429999999,35945,0.0,0.0
2023-03-17,8982.0,9637.59,10470.9,209804.0,555.90675,12026,0.0,0.0
2023-03-18,8337.3,8769.81,10376.2,257933.0,406.76214,31120,0.0,0.0
2023-03-19,12711.7,11386.54,10756.7,223174.0,499.200837,45471,0.0,0.0
2023-03-20,7621.0,8011.03,10412.92,245103.0,371.683847,17001,0.0,0.0
2023-03-21,8202.0,8708.77,10354.36,286211.0,378.564433,31722,0.0,0.0
2023-03-22,5415.2,5535.14,10241.520001,386521.0,347.030171,12957,0.0,0.0
2023-03-23,4515.6,4720.61,9436.06,173425.0,373.900218,43164,0.0,0.0
2023-03-24,6358.5,6652.639999999999,8494.86,164594.0,328.573559,41579,0.0,0.0
2023-03-25,6605.1,6953.57,8286.51,178279.0,304.742244,31853,0.0,0.0
2023-03-26,7805.2,8297.2,8672.34,198832.0,335.946087,27116,0.0,0.0
2023-03-27,5756.0,5019.23,7311.37,203142.0,438.473324,24900,0.0,0.0
2023-03-28,4913.8,5071.57,5476.52,137866.0,380.800635,27761,0.0,0.0
2023-03-29,3801.2,3427.57,5457.7,132380.0,374.054695,18776,0.0,0.0
2023-03-30,6929.7,5980.53,5303.2,131839.0,328.634761,9117,0.0,0.0
2023-03-31,3679.0,3903.71,3529.45,108724.0,256.998673,6309,0.0,0.0
2023-04-01,3166.0,3293.02,2999.3,89779.0,304.91159600000003,13159,0.0,0.0
2023-04-02,3063.7,3277.11,3292.68,96358.0,392.029773,13353,0.0,0.0
2023-04-03,3854.7,3988.68,3094.43,112729.0,325.194132,11088,0.0,0.0
2023-04-04,2751.5,1799.9299999999998,3005.58,100431.0,427.914893,8104,0.0,0.0
2023-04-05,4122.4,4438.78,3108.17,87588.0,400.03080900000003,6094,0.0,0.0
2023-04-06,5843.4,5237.57,3098.74,72086.0,352.39933,7622,0.0,0.0
2023-04-07,4314.1,4569.05,3074.42,74714.0,344.854889,8007,0.0,0.0
2023-04-08,1737.1,1798.38,3070.76,79585.0,317.22585,13286,0.0,0.0
2023-04-09,4272.0,4674.13,3329.71,80092.0,368.074526,9979,0.0,0.0
2023-04-10,3372.4,3579.84,3218.23,87388.0,347.623247,15134,0.0,0.0
2023-04-11,2767.9,2821.93,3081.15,68590.0,326.385852,18318,0.0,0.0
2023-04-12,3594.5,3416.16,3058.0,57723.0,438.306685,12349,0.0,0.0
2023-04-13,5060.0,4775.33,3058.67,70145.0,385.467974,16566,0.0,0.0
2023-04-14,5523.76,5283.9400000000005,4018.29,102570.0,327.257636,16368,0.0,0.0
2023-04-15,7715.5,7940.36,4166.59,95426.0,342.507451,16508,0.0,0.0
2023-04-16,5898.28,6184.15,4162.34,108522.0,373.340408,21286,0.0,0.0
2023-04-17,5623.6,5178.88,3878.47,87277.0,473.59031400000003,56069,0.0,0.0
2023-04-18,4439.5,4734.21,3792.49,102842.0,457.120089,105034,0.0,0.0
