date,gross_sales,net_sales,fb_conversions_imp,fb_conversions_spend,fb_other_imp,fb_other_spend,fb_outcome_sales_imp,fb_outcome_sales_spend,fb_product_catalog_sales_imp,fb_product_catalog_sales_spend,google_display_imp,google_display_spend,google_other_imp,google_other_spend,google_search_imp,google_search_spend,google_video_imp,google_video_spend,event_other,event_bfcm
2021-04-28,1398.0,773.67,0.0,0.0,0.0,0.0,0.0,0.0,0.0,0.0,0,0.0,0,0.0,0,0.0,0,0.0,0.0,0.0
2021-04-29,0.0,0.0,0.0,0.0,0.0,0.0,0.0,0.0,0.0,0.0,0,0.0,0,0.0,0,0.0,0,0.0,0.0,0.0
2021-04-30,0.0,0.0,0.0,0.0,0.0,0.0,0.0,0.0,0.0,0.0,0,0.0,0,0.0,0,0.0,0,0.0,0.0,0.0
2021-05-01,0.0,0.0,0.0,0.0,0.0,0.0,0.0,0.0,0.0,0.0,0,0.0,0,0.0,0,0.0,0,0.0,0.0,0.0
2021-05-02,509.0,509.0,0.0,0.0,0.0,0.0,0.0,0.0,0.0,0.0,0,0.0,0,0.0,0,0.0,0,0.0,0.0,0.0
2021-05-03,8153.0,3130.96,0.0,0.0,0.0,0.0,0.0,0.0,0.0,0.0,0,0.0,0,0.0,0,0.0,0,0.0,0.0,0.0
2021-05-04,29019.0,14209.72,0.0,0.0,0.0,0.0,0.0,0.0,0.0,0.0,0,0.0,0,0.0,0,0.0,0,0.0,0.0,0.0
2021-05-05,3556.0,2284.76,0.0,0.0,0.0,0.0,0.0,0.0,0.0,0.0,0,0.0,0,0.0,0,0.0,0,0.0,0.0,0.0
2021-05-06,640.0,463.07,0.0,0.0,0.0,0.0,0.0,0.0,0.0,0.0,0,0.0,0,0.0,0,0.0,0,0.0,0.0,0.0
2021-05-07,1560.0,797.02,0.0,0.0,0.0,0.0,0.0,0.0,0.0,0.0,0,0.0,0,0.0,0,0.0,0,0.0,0.0,0.0
2021-05-08,1496.0,1509.54,0.0,0.0,0.0,0.0,0.0,0.0,0.0,0.0,0,0.0,0,0.0,0,0.0,0,0.0,0.0,0.0
2021-05-09,526.0,286.34,0.0,0.0,0.0,0.0,0.0,0.0,0.0,0.0,0,0.0,0,0.0,0,0.0,0,0.0,0.0,0.0
2021-05-10,440.0,153.81,0.0,0.0,0.0,0.0,0.0,0.0,0.0,0.0,0,0.0,0,0.0,0,0.0,0,0.0,0.0,0.0
2021-05-11,913.0,671.64,0.0,0.0,0.0,0.0,0.0,0.0,0.0,0.0,0,0.0,0,0.0,0,0.0,0,0.0,0.0,0.0
2021-05-12,309.0,195.39999999999998,0.0,0.0,0.0,0.0,0.0,0.0,0.0,0.0,0,0.0,0,0.0,5,0.0,0,0.0,0.0,0.0
2021-05-13,156.0,166.92,0.0,0.0,0.0,0.0,0.0,0.0,0.0,0.0,0,0.0,0,0.0,26,0.35,0,0.0,0.0,0.0
2021-05-14,1077.0,13.8,0.0,0.0,0.0,0.0,0.0,0.0,0.0,0.0,0,0.0,0,0.0,2329,149.82,0,0.0,0.0,0.0
2021-05-15,180.0,180.0,0.0,0.0,0.0,0.0,0.0,0.0,0.0,0.0,0,0.0,0,0.0,1264,150.0,0,0.0,0.0,0.0
2021-05-16,0.0,0.0,0.0,0.0,0.0,0.0,0.0,0.0,0.0,0.0,0,0.0,0,0.0,1421,153.23,0,0.0,0.0,0.0
2021-05-17,370.0,312.44,0.0,0.0,0.0,0.0,0.0,0.0,0.0,0.0,0,0.0,0,0.0,2442,150.07,0,0.0,0.0,0.0
2021-05-18,8655.0,26.04,0.0,0.0,0.0,0.0,0.0,0.0,0.0,0.0,0,0.0,0,0.0,1155,103.0,0,0.0,0.0,0.0
2021-05-19,186.0,146.8,0.0,0.0,0.0,0.0,0.0,0.0,0.0,0.0,0,0.0,0,0.0,759,91.12,0,0.0,0.0,0.0
2021-05-20,1606.0,1219.01,0.0,0.0,0.0,0.0,0.0,0.0,0.0,0.0,0,0.0,0,0.0,972,80.14,0,0.0,0.0,0.0
2021-05-21,3442.0,2155.8,0.0,0.0,0.0,0.0,0.0,0.0,0.0,0.0,0,0.0,0,0.0,1017,126.09,0,0.0,0.0,0.0
2021-05-22,715.0,533.0,0.0,0.0,0.0,0.0,0.0,0.0,0.0,0.0,0,0.0,0,0.0,970,122.1,0,0.0,0.0,0.0
2021-05-23,1186.0,1230.25,0.0,0.0,0.0,0.0,0.0,0.0,0.0,0.0,0,0.0,0,0.0,1285,122.16,0,0.0,0.0,0.0
2021-05-24,504.0,535.87,0.0,0.0,0.0,0.0,0.0,0.0,0.0,0.0,0,0.0,0,0.0,1114,86.31,0,0.0,0.0,0.0
2021-05-25,785.0,807.48,0.0,0.0,0.0,0.0,0.0,0.0,0.0,0.0,0,0.0,0,0.0,1231,109.2,0,0.0,0.0,0.0
2021-05-26,338.0,342.9,0.0,0.0,0.0,0.0,0.0,0.0,0.0,0.0,0,0.0,0,0.0,998,109.13,0,0.0,0.0,0.0
2021-05-27,748.0,790.37,0.0,0.0,0.0,0.0,0.0,0.0,0.0,0.0,0,0.0,0,0.0,983,90.9,0,0.0,0.0,0.0
2021-05-28,773.0,807.1,0.0,0.0,0.0,0.0,0.0,0.0,0.0,0.0,0,0.0,0,0.0,539,52.93000000000001,0,0.0,0.0,0.0
2021-05-29,2068.0,2108.74,0.0,0.0,0.0,0.0,0.0,0.0,0.0,0.0,0,0.0,0,0.0,720,38.349999999999994,0,0.0,0.0,0.0
2021-05-30,1838.0,1887.71,0.0,0.0,0.0,0.0,0.0,0.0,0.0,0.0,0,0.0,0,0.0,813,43.959999999999994,0,0.0,0.0,0.0
2021-05-31,2956.0,2830.01,0.0,0.0,0.0,0.0,0.0,0.0,0.0,0.0,0,0.0,0,0.0,1088,87.9,0,0.0,0.0,0.0
2021-06-01,2477.0,2425.79,0.0,0.0,0.0,0.0,0.0,0.0,0.0,0.0,0,0.0,0,0.0,1540,100.09,0,0.0,0.0,0.0
2021-06-02,1033.0,667.35,0.0,0.0,0.0,0.0,0.0,0.0,0.0,0.0,0,0.0,0,0.0,1426,111.43,0,0.0,0.0,0.0
2021-06-03,3907.0,3798.51,0.0,0.0,0.0,0.0,0.0,0.0,0.0,0.0,0,0.0,0,0.0,1931,110.73,0,0.0,0.0,0.0
2021-06-04,1793.0,1726.09,0.0,0.0,0.0,0.0,0.0,0.0,0.0,0.0,0,0.0,0,0.0,1407,81.27000000000001,0,0.0,0.0,0.0
2021-06-05,2618.0,2706.56,0.0,0.0,0.0,0.0,0.0,0.0,0.0,0.0,0,0.0,0,0.0,1209,73.74000000000001,0,0.0,0.0,0.0
2021-06-06,700.0,743.45,0.0,0.0,0.0,0.0,0.0,0.0,0.0,0.0,0,0.0,0,0.0,1532,72.61,0,0.0,0.0,0.0
2021-06-07,9120.0,1982.7,0.0,0.0,0.0,0.0,0.0,0.0,0.0,0.0,0,0.0,0,0.0,1045,88.09,0,0.0,0.0,0.0
2021-06-08,1791.0,1737.9099999999999,0.0,0.0,0.0,0.0,0.0,0.0,0.0,0.0,0,0.0,0,0.0,1622,102.99,0,0.0,0.0,0.0
2021-06-09,1936.0,1776.55,0.0,0.0,0.0,0.0,0.0,0.0,0.0,0.0,0,0.0,0,0.0,945,107.86999999999999,0,0.0,0.0,0.0
2021-06-10,2709.0,2167.69,0.0,0.0,0.0,0.0,0.0,0.0,0.0,0.0,0,0.0,0,0.0,1028,90.9,0,0.0,0.0,0.0
2021-06-11,2451.0,332.12,0.0,0.0,0.0,0.0,0.0,0.0,0.0,0.0,0,0.0,0,0.0,747,60.85,0,0.0,0.0,0.0
2021-06-12,1634.0,1655.95,0.0,0.0,0.0,0.0,0.0,0.0,0.0,0.0,0,0.0,0,0.0,808,35.07,0,0.0,0.0,0.0
2021-06-13,2200.0,2194.38,0.0,0.0,0.0,0.0,0.0,0.0,0.0,0.0,0,0.0,0,0.0,744,68.62,0,0.0,0.0,0.0
2021-06-14,1288.0,1317.44,0.0,0.0,0.0,0.0,0.0,0.0,0.0,0.0,0,0.0,0,0.0,1021,43.22,0,0.0,0.0,0.0
2021-06-15,1892.0,591.5600000000001,0.0,0.0,0.0,0.0,0.0,0.0,0.0,0.0,0,0.0,0,0.0,1291,109.52999999999999,0,0.0,0.0,0.0
2021-06-16,1948.0,926.94,0.0,0.0,0.0,0.0,0.0,0.0,0.0,0.0,0,0.0,0,0.0,1019,109.93,0,0.0,0.0,0.0
2021-06-17,274.0,287.8,0.0,0.0,0.0,0.0,0.0,0.0,0.0,0.0,0,0.0,0,0.0,1432,113.78999999999999,0,0.0,0.0,0.0
2021-06-18,2901.0,1796.73,0.0,0.0,0.0,0.0,0.0,0.0,0.0,0.0,0,0.0,0,0.0,660,41.48,0,0.0,0.0,0.0
2021-06-19,225.0,225.0,0.0,0.0,0.0,0.0,0.0,0.0,0.0,0.0,0,0.0,0,0.0,598,35.959999999999994,0,0.0,0.0,0.0
2021-06-20,467.0,472.75,0.0,0.0,0.0,0.0,0.0,0.0,0.0,0.0,0,0.0,0,0.0,613,38.82,0,0.0,0.0,0.0
2021-06-21,3452.0,549.46,0.0,0.0,0.0,0.0,0.0,0.0,0.0,0.0,0,0.0,0,0.0,2182,135.75,0,0.0,0.0,0.0
2021-06-22,1498.0,1125.72,0.0,0.0,0.0,0.0,0.0,0.0,0.0,0.0,0,0.0,0,0.0,1061,113.0,0,0.0,0.0,0.0
2021-06-23,651.0,440.87,0.0,0.0,0.0,0.0,0.0,0.0,0.0,0.0,0,0.0,0,0.0,796,45.14,0,0.0,0.0,0.0
2021-06-24,3141.0,1400.1,0.0,0.0,0.0,0.0,0.0,0.0,0.0,0.0,0,0.0,0,0.0,1232,94.76,0,0.0,0.0,0.0
2021-06-25,935.0,644.12,0.0,0.0,0.0,0.0,0.0,0.0,0.0,0.0,0,0.0,0,0.0,702,77.11,0,0.0,0.0,0.0
2021-06-26,2347.0,2333.39,0.0,0.0,0.0,0.0,0.0,0.0,0.0,0.0,0,0.0,0,0.0,545,80.28999999999999,0,0.0,0.0,0.0
2021-06-27,742.0,748.24,0.0,0.0,0.0,0.0,0.0,0.0,0.0,0.0,0,0.0,0,0.0,808,50.64,0,0.0,0.0,0.0
2021-06-28,1391.0,1286.21,0.0,0.0,0.0,0.0,0.0,0.0,0.0,0.0,0,0.0,0,0.0,1511,116.30999999999999,0,0.0,0.0,0.0
2021-06-29,1145.0,964.6,0.0,0.0,0.0,0.0,0.0,0.0,0.0,0.0,0,0.0,0,0.0,1157,89.46,0,0.0,0.0,0.0
2021-06-30,2741.0,2471.54,0.0,0.0,0.0,0.0,0.0,0.0,0.0,0.0,0,0.0,0,0.0,983,70.48,0,0.0,0.0,0.0
2021-07-01,2462.0,1635.77,0.0,0.0,0.0,0.0,0.0,0.0,0.0,0.0,0,0.0,0,0.0,1002,85.72999999999999,0,0.0,0.0,0.0
2021-07-02,2434.0,1956.47,0.0,0.0,0.0,0.0,0.0,0.0,0.0,0.0,0,0.0,0,0.0,1339,75.61,0,0.0,0.0,0.0
2021-07-03,908.0,759.24,0.0,0.0,0.0,0.0,0.0,0.0,0.0,0.0,0,0.0,0,0.0,802,37.3,0,0.0,0.0,0.0
2021-07-04,1186.0,775.3,0.0,0.0,0.0,0.0,0.0,0.0,0.0,0.0,0,0.0,0,0.0,633,67.6,0,0.0,0.0,0.0
2021-07-05,2151.0,1790.17,0.0,0.0,0.0,0.0,0.0,0.0,0.0,0.0,0,0.0,0,0.0,1243,119.98,0,0.0,0.0,0.0
2021-07-06,2270.0,1557.5700000000002,0.0,0.0,0.0,0.0,0.0,0.0,0.0,0.0,0,0.0,0,0.0,731,104.72,0,0.0,0.0,0.0
2021-07-07,1091.0,974.5999999999999,0.0,0.0,0.0,0.0,0.0,0.0,0.0,0.0,0,0.0,0,0.0,3293,98.12,0,0.0,0.0,0.0
2021-07-08,2645.0,2249.53,0.0,0.0,0.0,0.0,0.0,0.0,0.0,0.0,0,0.0,0,0.0,139,7.27,0,0.0,0.0,0.0
2021-07-09,721.0,747.1800000000001,0.0,0.0,0.0,0.0,0.0,0.0,0.0,0.0,0,0.0,0,0.0,5207,128.91,0,0.0,0.0,0.0
2021-07-10,2128.0,2094.83,0.0,0.0,0.0,0.0,0.0,0.0,0.0,0.0,0,0.0,0,0.0,3031,62.10000000000001,0,0.0,0.0,0.0
2021-07-11,400.0,401.4,0.0,0.0,0.0,0.0,0.0,0.0,0.0,0.0,0,0.0,0,0.0,4558,109.91,0,0.0,0.0,0.0
2021-07-12,489.0,493.9,0.0,0.0,0.0,0.0,0.0,0.0,0.0,0.0,0,0.0,0,0.0,3070,69.74,0,0.0,0.0,0.0
2021-07-13,2473.0,1521.11,0.0,0.0,0.0,0.0,0.0,0.0,0.0,0.0,0,0.0,0,0.0,3163,94.72,0,0.0,0.0,0.0
2021-07-14,611.0,502.91,0.0,0.0,0.0,0.0,0.0,0.0,0.0,0.0,0,0.0,0,0.0,3465,115.22999999999999,0,0.0,0.0,0.0
2021-07-15,349.0,349.6,0.0,0.0,0.0,0.0,0.0,0.0,0.0,0.0,0,0.0,0,0.0,4910,93.76,0,0.0,0.0,0.0
2021-07-16,555.0,493.65000000000003,0.0,0.0,0.0,0.0,0.0,0.0,0.0,0.0,0,0.0,0,0.0,3035,84.13000000000001,0,0.0,0.0,0.0
2021-07-17,613.0,613.1,0.0,0.0,0.0,0.0,0.0,0.0,0.0,0.0,0,0.0,0,0.0,3404,105.19,0,0.0,0.0,0.0
2021-07-18,1188.0,1130.43,0.0,0.0,0.0,0.0,0.0,0.0,0.0,0.0,0,0.0,0,0.0,3537,147.85000000000002,0,0.0,0.0,0.0
2021-07-19,10884.0,1194.19,0.0,0.0,0.0,0.0,0.0,0.0,0.0,0.0,0,0.0,0,0.0,2877,99.36,0,0.0,0.0,0.0
2021-07-20,922.0,924.3399999999999,0.0,0.0,0.0,0.0,0.0,0.0,0.0,0.0,0,0.0,0,0.0,1699,66.55,0,0.0,0.0,0.0
2021-07-21,1142.0,1090.98,0.0,0.0,0.0,0.0,0.0,0.0,0.0,0.0,0,0.0,0,0.0,2430,72.14,0,0.0,0.0,0.0
2021-07-22,573.0,595.24,0.0,0.0,0.0,0.0,0.0,0.0,0.0,0.0,0,0.0,0,0.0,3631,88.36,0,0.0,0.0,0.0
2021-07-23,417.0,431.70000000000005,0.0,0.0,0.0,0.0,0.0,0.0,0.0,0.0,0,0.0,0,0.0,4121,134.35,0,0.0,0.0,0.0
2021-07-24,224.0,200.7,0.0,0.0,0.0,0.0,0.0,0.0,0.0,0.0,0,0.0,0,0.0,4483,81.49,0,0.0,0.0,0.0
2021-07-25,1357.0,1327.66,0.0,0.0,0.0,0.0,0.0,0.0,0.0,0.0,0,0.0,0,0.0,4281,83.1,0,0.0,0.0,0.0
2021-07-26,675.0,653.6,0.0,0.0,0.0,0.0,0.0,0.0,0.0,0.0,0,0.0,0,0.0,3823,91.41,0,0.0,0.0,0.0
2021-07-27,482.0,500.77,0.0,0.0,0.0,0.0,0.0,0.0,0.0,0.0,0,0.0,0,0.0,4854,87.41000000000001,0,0.0,0.0,0.0
2021-07-28,1483.0,811.4,0.0,0.0,0.0,0.0,0.0,0.0,0.0,0.0,0,0.0,0,0.0,4264,96.18999999999998,0,0.0,0.0,0.0
2021-07-29,171.0,187.95,0.0,0.0,0.0,0.0,0.0,0.0,0.0,0.0,0,0.0,0,0.0,3460,83.21,0,0.0,0.0,0.0
2021-07-30,3645.0,908.23,0.0,0.0,0.0,0.0,0.0,0.0,0.0,0.0,0,0.0,0,0.0,4191,74.19000000000001,0,0.0,0.0,0.0
2021-07-31,960.0,960.6999999999999,0.0,0.0,0.0,0.0,0.0,0.0,0.0,0.0,0,0.0,0,0.0,3103,59.26,0,0.0,0.0,0.0
2021-08-01,790.0,763.83,0.0,0.0,0.0,0.0,0.0,0.0,0.0,0.0,0,0.0,0,0.0,4406,94.61,0,0.0,0.0,0.0
2021-08-02,7539.0,2542.22,0.0,0.0,0.0,0.0,0.0,0.0,0.0,0.0,0,0.0,0,0.0,4577,59.419999999999995,0,0.0,0.0,0.0
2021-08-03,1672.0,1325.14,0.0,0.0,0.0,0.0,0.0,0.0,0.0,0.0,0,0.0,0,0.0,8653,106.62,0,0.0,0.0,0.0
2021-08-04,2551.0,1976.27,0.0,0.0,0.0,0.0,0.0,0.0,0.0,0.0,0,0.0,0,0.0,5644,100.23,0,0.0,0.0,0.0
2021-08-05,805.0,644.35,0.0,0.0,0.0,0.0,0.0,0.0,0.0,0.0,0,0.0,0,0.0,4553,173.77,0,0.0,0.0,0.0
2021-08-06,397.0,347.73,0.0,0.0,0.0,0.0,0.0,0.0,0.0,0.0,0,0.0,0,0.0,5574,87.44999999999999,0,0.0,0.0,0.0
2021-08-07,1237.0,1001.3,0.0,0.0,0.0,0.0,0.0,0.0,0.0,0.0,0,0.0,0,0.0,4142,166.21,0,0.0,0.0,0.0
2021-08-08,2661.0,2166.81,0.0,0.0,0.0,0.0,0.0,0.0,0.0,0.0,0,0.0,0,0.0,5230,138.97,0,0.0,0.0,0.0
2021-08-09,2011.0,1504.95,0.0,0.0,0.0,0.0,0.0,0.0,0.0,0.0,0,0.0,0,0.0,1448,29.840000000000003,0,0.0,0.0,0.0
2021-08-10,13077.0,198.8,0.0,0.0,0.0,0.0,0.0,0.0,0.0,0.0,0,0.0,0,0.0,4507,80.91,0,0.0,0.0,0.0
2021-08-11,1070.0,358.01,0.0,0.0,0.0,0.0,0.0,0.0,0.0,0.0,0,0.0,0,0.0,1656,33.28,0,0.0,0.0,0.0
2021-08-12,3609.0,1915.34,0.0,0.0,0.0,0.0,0.0,0.0,0.0,0.0,0,0.0,0,0.0,4047,94.82,0,0.0,0.0,0.0
2021-08-13,2250.0,1897.64,0.0,0.0,0.0,0.0,0.0,0.0,0.0,0.0,0,0.0,0,0.0,2435,30.919999999999998,0,0.0,0.0,0.0
2021-08-14,1437.0,1375.5,0.0,0.0,0.0,0.0,0.0,0.0,0.0,0.0,0,0.0,0,0.0,4224,92.16,0,0.0,0.0,0.0
2021-08-15,671.0,671.0,0.0,0.0,0.0,0.0,0.0,0.0,0.0,0.0,0,0.0,0,0.0,150,22.879999999999995,0,0.0,0.0,0.0
2021-08-16,2451.0,1064.22,0.0,0.0,0.0,0.0,0.0,0.0,0.0,0.0,0,0.0,0,0.0,5849,159.15,0,0.0,0.0,0.0
2021-08-17,1642.0,917.6800000000001,0.0,0.0,0.0,0.0,0.0,0.0,0.0,0.0,0,0.0,0,0.0,72,7.66,0,0.0,0.0,0.0
2021-08-18,1290.0,1330.17,0.0,0.0,0.0,0.0,0.0,0.0,0.0,0.0,0,0.0,0,0.0,4515,153.96,0,0.0,0.0,0.0
2021-08-19,898.0,892.72,0.0,0.0,0.0,0.0,0.0,0.0,0.0,0.0,0,0.0,0,0.0,669,69.5,0,0.0,0.0,0.0
2021-08-20,6691.0,357.42,0.0,0.0,0.0,0.0,0.0,0.0,0.0,0.0,0,0.0,0,0.0,2141,167.78,0,0.0,0.0,0.0
2021-08-21,68.0,72.9,0.0,0.0,0.0,0.0,0.0,0.0,0.0,0.0,0,0.0,0,0.0,660,32.47,0,0.0,0.0,0.0
2021-08-22,250.0,266.56,0.0,0.0,0.0,0.0,0.0,0.0,0.0,0.0,0,0.0,0,0.0,1562,144.4,0,0.0,0.0,0.0
2021-08-23,2497.0,1004.0200000000001,0.0,0.0,0.0,0.0,0.0,0.0,0.0,0.0,0,0.0,0,0.0,512,34.3,0,0.0,0.0,0.0
2021-08-24,1403.0,651.84,0.0,0.0,0.0,0.0,0.0,0.0,0.0,0.0,0,0.0,0,0.0,1717,131.92000000000002,0,0.0,0.0,0.0
2021-08-25,3744.0,328.26,0.0,0.0,0.0,0.0,0.0,0.0,0.0,0.0,0,0.0,0,0.0,670,83.99,0,0.0,0.0,0.0
2021-08-26,956.0,684.44,0.0,0.0,0.0,0.0,0.0,0.0,0.0,0.0,0,0.0,0,0.0,1636,157.63,0,0.0,0.0,0.0
2021-08-27,5391.6,1519.48,0.0,0.0,0.0,0.0,0.0,0.0,0.0,0.0,0,0.0,0,0.0,129,15.94,0,0.0,0.0,0.0
2021-08-28,1414.8,927.54,0.0,0.0,0.0,0.0,0.0,0.0,0.0,0.0,0,0.0,0,0.0,1841,166.16000000000003,0,0.0,0.0,0.0
2021-08-29,0.0,0.0,0.0,0.0,0.0,0.0,0.0,0.0,0.0,0.0,0,0.0,0,0.0,320,9.33,0,0.0,0.0,0.0
2021-08-30,2507.0,2403.23,0.0,0.0,0.0,0.0,0.0,0.0,0.0,0.0,0,0.0,0,0.0,1542,143.13000000000002,0,0.0,0.0,0.0
2021-08-31,6665.0,1601.03,0.0,0.0,0.0,0.0,0.0,0.0,0.0,0.0,0,0.0,0,0.0,134,6.109999999999999,0,0.0,0.0,0.0
2021-09-01,2651.0,1763.63,0.0,0.0,0.0,0.0,0.0,0.0,0.0,0.0,0,0.0,0,0.0,1140,82.69,0,0.0,0.0,0.0
2021-09-02,1265.0,1008.04,0.0,0.0,0.0,0.0,0.0,0.0,0.0,0.0,0,0.0,0,0.0,946,48.84,0,0.0,0.0,0.0
2021-09-03,839.0,704.24,0.0,0.0,0.0,0.0,0.0,0.0,0.0,0.0,0,0.0,0,0.0,1674,132.29,0,0.0,0.0,0.0
2021-09-04,1228.0,1099.67,0.0,0.0,0.0,0.0,0.0,0.0,0.0,0.0,0,0.0,0,0.0,137,5.97,0,0.0,0.0,0.0
2021-09-05,2213.0,1834.57,0.0,0.0,0.0,0.0,0.0,0.0,0.0,0.0,0,0.0,0,0.0,1670,139.89,0,0.0,0.0,0.0
2021-09-06,644.0,508.51,0.0,0.0,0.0,0.0,0.0,0.0,0.0,0.0,0,0.0,0,0.0,137,8.02,0,0.0,0.0,0.0
2021-09-07,542.0,417.0,0.0,0.0,0.0,0.0,0.0,0.0,0.0,0.0,0,0.0,0,0.0,2288,158.98,0,0.0,0.0,0.0
2021-09-08,858.0,632.84,0.0,0.0,0.0,0.0,0.0,0.0,0.0,0.0,0,0.0,0,0.0,113,51.55,0,0.0,0.0,0.0
2021-09-09,1585.0,1280.8,0.0,0.0,0.0,0.0,0.0,0.0,0.0,0.0,0,0.0,0,0.0,1932,154.16,0,0.0,0.0,0.0
2021-09-10,2668.0,2298.25,0.0,0.0,0.0,0.0,0.0,0.0,0.0,0.0,0,0.0,0,0.0,1420,96.94,0,0.0,0.0,0.0
2021-09-11,570.0,530.51,0.0,0.0,0.0,0.0,0.0,0.0,0.0,0.0,0,0.0,0,0.0,2030,129.98999999999998,0,0.0,0.0,0.0
2021-09-12,594.0,481.11,0.0,0.0,0.0,0.0,0.0,0.0,0.0,0.0,0,0.0,0,0.0,1810,115.7,0,0.0,0.0,0.0
2021-09-13,1723.5,436.26,0.0,0.0,0.0,0.0,0.0,0.0,0.0,0.0,0,0.0,0,0.0,941,49.699999999999996,0,0.0,0.0,0.0
2021-09-14,2375.0,893.0500000000001,0.0,0.0,0.0,0.0,0.0,0.0,0.0,0.0,0,0.0,44,0.05,1371,97.25999999999999,0,0.0,0.0,0.0
2021-09-15,2069.0,1154.64,0.0,0.0,0.0,0.0,0.0,0.0,0.0,0.0,0,0.0,1012,14.44,1642,93.80000000000001,0,0.0,0.0,0.0
2021-09-16,1398.0,1407.8,0.0,0.0,0.0,0.0,0.0,0.0,0.0,0.0,0,0.0,406,39.83,1683,95.08,0,0.0,0.0,0.0
2021-09-17,954.0,831.24,0.0,0.0,0.0,0.0,0.0,0.0,0.0,0.0,0,0.0,2469,10.64,740,42.440000000000005,0,0.0,0.0,0.0
2021-09-18,740.0,771.46,0.0,0.0,0.0,0.0,0.0,0.0,0.0,0.0,0,0.0,3205,34.15,1362,59.019999999999996,0,0.0,0.0,0.0
2021-09-19,3129.0,3097.7,0.0,0.0,0.0,0.0,0.0,0.0,0.0,0.0,0,0.0,999,38.7,1320,73.83,0,0.0,0.0,0.0
2021-09-20,2014.0,2257.84,0.0,0.0,0.0,0.0,0.0,0.0,0.0,0.0,0,0.0,1759,19.82,1065,78.72,0,0.0,0.0,0.0
2021-09-21,2785.0,2285.64,0.0,0.0,0.0,0.0,0.0,0.0,0.0,0.0,0,0.0,1047,28.67,491,299.77,0,0.0,0.0,0.0
2021-09-22,2723.0,1131.5,0.0,0.0,0.0,0.0,0.0,0.0,0.0,0.0,0,0.0,426,0.0,97,89.6,0,0.0,0.0,0.0
2021-09-23,2652.0,1137.7,0.0,0.0,0.0,0.0,0.0,0.0,0.0,0.0,0,0.0,2383,5.92,408,61.989999999999995,0,0.0,0.0,0.0
2021-09-24,9822.0,4182.56,0.0,0.0,0.0,0.0,0.0,0.0,0.0,0.0,0,0.0,3762,39.61,994,95.86,0,0.0,0.0,0.0
2021-09-25,283.0,283.0,0.0,0.0,0.0,0.0,0.0,0.0,0.0,0.0,0,0.0,1530,31.84,1782,170.85,0,0.0,0.0,0.0
2021-09-26,1059.0,1123.76,0.0,0.0,0.0,0.0,0.0,0.0,0.0,0.0,0,0.0,2197,2.1,1205,151.45,0,0.0,0.0,0.0
2021-09-27,1725.0,998.6999999999999,0.0,0.0,0.0,0.0,0.0,0.0,0.0,0.0,0,0.0,3478,36.69,994,109.61,0,0.0,0.0,0.0
2021-09-28,1175.0,1019.14,0.0,0.0,0.0,0.0,0.0,0.0,0.0,0.0,0,0.0,4411,23.51,1048,91.83999999999999,0,0.0,0.0,0.0
2021-09-29,1529.0,502.26,0.0,0.0,0.0,0.0,0.0,0.0,0.0,0.0,0,0.0,4530,11.41,949,75.42,0,0.0,0.0,0.0
2021-09-30,1897.0,632.04,0.0,0.0,0.0,0.0,0.0,0.0,0.0,0.0,0,0.0,1618,22.94,654,52.410000000000004,0,0.0,0.0,0.0
2021-10-01,1875.0,1100.34,0.0,0.0,0.0,0.0,0.0,0.0,0.0,0.0,0,0.0,3355,13.61,485,62.21,0,0.0,0.0,0.0
2021-10-02,2233.0,1658.3,0.0,0.0,0.0,0.0,0.0,0.0,0.0,0.0,0,0.0,5944,31.28,392,59.72,0,0.0,0.0,0.0
2021-10-03,681.0,615.4300000000001,0.0,0.0,0.0,0.0,0.0,0.0,0.0,0.0,0,0.0,4333,26.54,979,64.18,0,0.0,0.0,0.0
2021-10-04,3144.0,2360.82,0.0,0.0,0.0,0.0,0.0,0.0,0.0,0.0,0,0.0,3584,8.89,1150,156.42,0,0.0,0.0,0.0
2021-10-05,867.0,758.89,0.0,0.0,0.0,0.0,0.0,0.0,0.0,0.0,0,0.0,2456,19.93,940,93.19,0,0.0,0.0,0.0
2021-10-06,690.0,618.6800000000001,0.0,0.0,0.0,0.0,0.0,0.0,0.0,0.0,0,0.0,2968,20.42,803,85.13999999999999,0,0.0,0.0,0.0
2021-10-07,1567.0,1549.3,0.0,0.0,0.0,0.0,0.0,0.0,0.0,0.0,0,0.0,3316,23.04,943,121.74,0,0.0,0.0,0.0
2021-10-08,831.0,757.3,0.0,0.0,0.0,0.0,0.0,0.0,0.0,0.0,0,0.0,4362,20.96,640,71.0,0,0.0,0.0,0.0
2021-10-09,1769.0,1750.7,0.0,0.0,0.0,0.0,0.0,0.0,0.0,0.0,0,0.0,2907,16.86,639,53.839999999999996,0,0.0,0.0,0.0
2021-10-10,883.0,803.6899999999999,0.0,0.0,0.0,0.0,0.0,0.0,0.0,0.0,0,0.0,3904,13.79,727,74.36,0,0.0,0.0,0.0
2021-10-11,846.0,844.03,0.0,0.0,0.0,0.0,0.0,0.0,0.0,0.0,0,0.0,2746,24.2,548,79.5,0,0.0,0.0,0.0
2021-10-12,2232.0,789.23,0.0,0.0,0.0,0.0,0.0,0.0,0.0,0.0,0,0.0,6877,49.18,700,67.89,0,0.0,0.0,0.0
2021-10-13,3589.0,2003.57,0.0,0.0,0.0,0.0,0.0,0.0,0.0,0.0,0,0.0,12056,110.76,784,103.96999999999998,0,0.0,0.0,0.0
2021-10-14,30229.0,1251.6,0.0,0.0,0.0,0.0,0.0,0.0,0.0,0.0,0,0.0,9631,66.61,988,195.04,0,0.0,0.0,0.0
2021-10-15,6367.0,3651.63,0.0,0.0,0.0,0.0,0.0,0.0,0.0,0.0,0,0.0,9765,99.69,1142,195.03000000000003,0,0.0,0.0,0.0
2021-10-16,1859.0,1725.69,0.0,0.0,0.0,0.0,0.0,0.0,0.0,0.0,0,0.0,9688,62.46,868,76.55000000000001,0,0.0,0.0,0.0
2021-10-17,426.0,394.77,0.0,0.0,0.0,0.0,0.0,0.0,0.0,0.0,0,0.0,10539,54.71,871,114.83,0,0.0,0.0,0.0
2021-10-18,1857.0,1608.69,0.0,0.0,0.0,0.0,0.0,0.0,0.0,0.0,0,0.0,15052,114.96,931,164.3,0,0.0,0.0,0.0
2021-10-19,1806.0,1715.04,0.0,0.0,0.0,0.0,0.0,0.0,0.0,0.0,0,0.0,11287,74.21,577,80.1,0,0.0,0.0,0.0
2021-10-20,1696.0,1620.94,0.0,0.0,0.0,0.0,0.0,0.0,0.0,0.0,0,0.0,10175,56.17,547,86.13,0,0.0,0.0,0.0
2021-10-21,9555.0,3953.68,0.0,0.0,0.0,0.0,0.0,0.0,0.0,0.0,0,0.0,11444,90.29,1123,108.9,0,0.0,0.0,0.0
2021-10-22,2294.0,1359.1,0.0,0.0,0.0,0.0,0.0,0.0,0.0,0.0,0,0.0,8227,72.7,627,79.10000000000001,0,0.0,0.0,0.0
2021-10-23,1102.0,1066.8,0.0,0.0,0.0,0.0,0.0,0.0,0.0,0.0,0,0.0,7650,42.4,789,67.82000000000001,0,0.0,0.0,0.0
2021-10-24,1687.0,1649.27,0.0,0.0,0.0,0.0,0.0,0.0,0.0,0.0,0,0.0,12908,116.89,691,83.36,0,0.0,0.0,0.0
2021-10-25,620.0,570.06,0.0,0.0,0.0,0.0,0.0,0.0,0.0,0.0,0,0.0,7338,65.93,846,71.28,0,0.0,0.0,0.0
2021-10-26,2481.0,1152.6799999999998,0.0,0.0,0.0,0.0,0.0,0.0,0.0,0.0,0,0.0,8883,75.71,762,75.52000000000001,0,0.0,0.0,0.0
2021-10-27,6640.0,1164.95,0.0,0.0,0.0,0.0,0.0,0.0,0.0,0.0,0,0.0,12414,130.53,610,58.42999999999999,0,0.0,0.0,0.0
2021-10-28,6279.0,235.72000000000003,0.0,0.0,0.0,0.0,0.0,0.0,0.0,0.0,0,0.0,8330,79.45,533,49.19,0,0.0,0.0,0.0
2021-10-29,704.0,497.22,0.0,0.0,0.0,0.0,0.0,0.0,0.0,0.0,0,0.0,8208,63.324998,537,50.77,0,0.0,0.0,0.0
2021-10-30,378.0,369.28,0.0,0.0,0.0,0.0,0.0,0.0,0.0,0.0,0,0.0,11411,104.581346,732,55.99,0,0.0,0.0,0.0
2021-10-31,1269.0,1366.82,0.0,0.0,0.0,0.0,0.0,0.0,0.0,0.0,0,0.0,5335,68.622631,997,97.86,0,0.0,0.0,0.0
2021-11-01,1045.0,791.9,0.0,0.0,0.0,0.0,0.0,0.0,0.0,0.0,0,0.0,8181,91.72,945,88.5,0,0.0,0.0,0.0
2021-11-02,2055.0,2093.08,0.0,0.0,0.0,0.0,0.0,0.0,0.0,0.0,0,0.0,10234,62.89,673,89.25,0,0.0,0.0,0.0
2021-11-03,1448.0,1260.88,0.0,0.0,0.0,0.0,0.0,0.0,0.0,0.0,0,0.0,8668,94.67,587,72.33,0,0.0,0.0,0.0
2021-11-04,223.0,240.59,0.0,0.0,0.0,0.0,0.0,0.0,0.0,0.0,0,0.0,12616,101.06,894,101.14999999999999,0,0.0,0.0,0.0
2021-11-05,1886.0,1870.29,0.0,0.0,0.0,0.0,0.0,0.0,0.0,0.0,0,0.0,8489,60.09,636,68.04,0,0.0,0.0,0.0
2021-11-06,1606.0,1446.7,0.0,0.0,0.0,0.0,0.0,0.0,0.0,0.0,0,0.0,6044,28.83,337,80.72,0,0.0,0.0,0.0
2021-11-07,1015.0,898.4,0.0,0.0,0.0,0.0,0.0,0.0,0.0,0.0,0,0.0,11545,93.27,322,119.50000000000001,0,0.0,0.0,0.0
2021-11-08,2301.0,1071.03,0.0,0.0,0.0,0.0,0.0,0.0,0.0,0.0,0,0.0,10864,87.03,764,91.86,0,0.0,0.0,0.0
2021-11-09,526.0,322.2,0.0,0.0,0.0,0.0,0.0,0.0,0.0,0.0,0,0.0,8292,37.19,1161,106.77,0,0.0,0.0,0.0
2021-11-10,4086.0,515.28,0.0,0.0,0.0,0.0,0.0,0.0,0.0,0.0,0,0.0,15789,142.81,559,111.09,0,0.0,0.0,0.0
2021-11-11,1677.0,1702.45,0.0,0.0,0.0,0.0,0.0,0.0,0.0,0.0,0,0.0,7082,38.42,550,67.34,0,0.0,0.0,0.0
2021-11-12,3209.0,977.4399999999999,0.0,0.0,0.0,0.0,0.0,0.0,0.0,0.0,0,0.0,6638,86.19,401,42.150000000000006,0,0.0,0.0,0.0
2021-11-13,1557.0,1355.58,0.0,0.0,0.0,0.0,0.0,0.0,0.0,0.0,0,0.0,9676,99.33,441,41.66,0,0.0,0.0,0.0
2021-11-14,1148.0,1076.2,0.0,0.0,0.0,0.0,0.0,0.0,0.0,0.0,0,0.0,6372,115.81,518,54.14,0,0.0,0.0,0.0
2021-11-15,1056.0,1065.8,0.0,0.0,0.0,0.0,0.0,0.0,0.0,0.0,0,0.0,4776,43.16,421,25.77,0,0.0,0.0,0.0
2021-11-16,886.0,825.91,0.0,0.0,0.0,0.0,0.0,0.0,0.0,0.0,0,0.0,7538,36.43,1514,166.70999999999998,0,0.0,0.0,0.0
2021-11-17,1392.0,1171.81,0.0,0.0,0.0,0.0,0.0,0.0,0.0,0.0,0,0.0,8790,143.43,1050,152.5,0,0.0,0.0,0.0
2021-11-18,2024.0,1920.6999999999998,0.0,0.0,0.0,0.0,0.0,0.0,0.0,0.0,0,0.0,5978,99.51,1669,155.49,0,0.0,0.0,0.0
2021-11-19,978.0,507.12,0.0,0.0,0.0,0.0,0.0,0.0,0.0,0.0,0,0.0,6597,74.35,1439,109.14,0,0.0,0.0,0.0
2021-11-20,9998.8,9623.93,0.0,0.0,0.0,0.0,0.0,0.0,0.0,0.0,0,0.0,6209,93.12,1028,99.52,0,0.0,0.0,0.0
2021-11-21,3053.4,2933.31,0.0,0.0,0.0,0.0,0.0,0.0,0.0,0.0,0,0.0,5914,97.55,734,91.38,0,0.0,0.0,0.0
2021-11-22,2277.8,2111.87,0.0,0.0,0.0,0.0,0.0,0.0,0.0,0.0,0,0.0,5639,69.15,468,92.62,0,0.0,0.0,0.0
2021-11-23,1437.8,1426.23,0.0,0.0,0.0,0.0,0.0,0.0,0.0,0.0,0,0.0,7576,90.48,1017,86.78999999999999,0,0.0,0.0,0.0
2021-11-24,1836.1,1456.99,0.0,0.0,0.0,0.0,0.0,0.0,0.0,0.0,0,0.0,5582,63.67,749,70.58999999999999,0,0.0,0.0,1.0
2021-11-25,2753.1,2572.41,0.0,0.0,0.0,0.0,0.0,0.0,0.0,0.0,0,0.0,5702,61.45,692,103.95,0,0.0,0.0,1.0
2021-11-26,3173.8,3235.29,0.0,0.0,0.0,0.0,0.0,0.0,0.0,0.0,0,0.0,6596,101.18,813,74.02,0,0.0,0.0,1.0
2021-11-27,1523.2,1544.17,0.0,0.0,0.0,0.0,0.0,0.0,0.0,0.0,0,0.0,6243,85.36,692,70.58,0,0.0,0.0,1.0
2021-11-28,3553.3,3522.31,0.0,0.0,0.0,0.0,0.0,0.0,0.0,0.0,0,0.0,4704,92.96,736,69.5,0,0.0,0.0,1.0
2021-11-29,4100.0,2915.74,0.0,0.0,0.0,0.0,0.0,0.0,0.0,0.0,0,0.0,2745,41.69,546,94.83000000000001,0,0.0,0.0,1.0
2021-11-30,1723.5,1141.33,0.0,0.0,0.0,0.0,0.0,0.0,0.0,0.0,0,0.0,4820,77.55,609,60.79,0,0.0,0.0,0.0
2021-12-01,19212.5,17452.18,0.0,0.0,0.0,0.0,0.0,0.0,0.0,0.0,0,0.0,6201,77.62,997,118.57,0,0.0,0.0,0.0
2021-12-02,5476.0,4912.77,0.0,0.0,0.0,0.0,0.0,0.0,0.0,0.0,0,0.0,3437,39.5,830,82.5,0,0.0,0.0,0.0
2021-12-03,3611.5,2715.7,0.0,0.0,0.0,0.0,0.0,0.0,0.0,0.0,0,0.0,1943,50.22,1185,90.16,0,0.0,0.0,0.0
2021-12-04,4504.0,3982.94,0.0,0.0,0.0,0.0,0.0,0.0,0.0,0.0,0,0.0,2987,44.52,1275,75.91,0,0.0,0.0,0.0
2021-12-05,3864.0,3694.02,0.0,0.0,0.0,0.0,0.0,0.0,0.0,0.0,0,0.0,5958,167.39,764,78.58,0,0.0,0.0,0.0
2021-12-06,4487.5,1548.3400000000001,0.0,0.0,0.0,0.0,0.0,0.0,0.0,0.0,0,0.0,4842,116.92,585,69.62,0,0.0,0.0,0.0
2021-12-07,2135.0,1197.86,0.0,0.0,0.0,0.0,0.0,0.0,0.0,0.0,0,0.0,3014,33.37,1020,89.10999999999999,0,0.0,0.0,0.0
2021-12-08,1405.0,675.77,0.0,0.0,0.0,0.0,0.0,0.0,0.0,0.0,0,0.0,6676,57.42,1253,100.75,0,0.0,0.0,0.0
2021-12-09,2314.5,1542.6100000000001,0.0,0.0,0.0,0.0,0.0,0.0,0.0,0.0,0,0.0,4467,47.49,1269,80.03,0,0.0,0.0,0.0
2021-12-10,1557.6,1447.4,0.0,0.0,0.0,0.0,0.0,0.0,0.0,0.0,0,0.0,7606,67.54,1030,73.75999999999999,0,0.0,0.0,0.0
2021-12-11,1583.0,1482.0,0.0,0.0,0.0,0.0,0.0,0.0,0.0,0.0,0,0.0,5274,68.11,966,70.82,0,0.0,0.0,0.0
2021-12-12,1458.0,1080.06,0.0,0.0,0.0,0.0,0.0,0.0,0.0,0.0,0,0.0,4029,73.39,1002,97.16999999999999,0,0.0,0.0,0.0
2021-12-13,2663.0,2462.11,0.0,0.0,0.0,0.0,0.0,0.0,0.0,0.0,0,0.0,5295,70.51,819,97.09,0,0.0,0.0,0.0
2021-12-14,2352.0,1695.01,0.0,0.0,0.0,0.0,0.0,0.0,0.0,0.0,0,0.0,3755,31.9,1018,80.36,1206,28.643950999999998,0.0,0.0
2021-12-15,1583.0,1253.39,0.0,0.0,0.0,0.0,0.0,0.0,0.0,0.0,0,0.0,7682,124.74,1207,87.22,1094,27.884518,0.0,0.0
2021-12-16,2330.5,1800.85,0.0,0.0,0.0,0.0,0.0,0.0,0.0,0.0,0,0.0,8115,110.3,805,94.47,2095,26.026052999999997,0.0,0.0
2021-12-17,10221.0,7795.73,0.0,0.0,0.0,0.0,0.0,0.0,0.0,0.0,0,0.0,7917,88.68,712,140.2,11740,26.632801999999998,0.0,0.0
2021-12-18,6177.0,6022.58,0.0,0.0,0.0,0.0,0.0,0.0,0.0,0.0,0,0.0,8095,100.12,700,127.43,3785,25.319088,0.0,0.0
2021-12-19,3758.5,3264.8999999999996,0.0,0.0,0.0,0.0,0.0,0.0,0.0,0.0,0,0.0,4819,120.32,741,93.99000000000001,2093,25.683109,0.0,0.0
2021-12-20,2830.0,2377.06,0.0,0.0,0.0,0.0,0.0,0.0,0.0,0.0,0,0.0,4174,43.98,1190,73.11,1079,27.039473,0.0,0.0
2021-12-21,1179.0,931.55,0.0,0.0,0.0,0.0,0.0,0.0,0.0,0.0,0,0.0,7455,109.36,792,80.22,793,26.571953,0.0,0.0
2021-12-22,867.0,819.85,0.0,0.0,0.0,0.0,0.0,0.0,0.0,0.0,0,0.0,4533,24.83,653,50.45,532,24.339656,0.0,0.0
2021-12-23,450.0,360.0,0.0,0.0,0.0,0.0,0.0,0.0,0.0,0.0,0,0.0,9466,114.65,712,44.870000000000005,549,23.552494,0.0,0.0
2021-12-24,1368.0,1286.0,0.0,0.0,0.0,0.0,0.0,0.0,0.0,0.0,0,0.0,6155,42.12,548,41.82,571,23.953554,0.0,0.0
2021-12-25,2898.0,2921.2200000000003,0.0,0.0,0.0,0.0,0.0,0.0,0.0,0.0,0,0.0,4482,109.65,836,85.63,780,23.124964000000002,0.0,0.0
2021-12-26,1952.0,1830.9,0.0,0.0,0.0,0.0,0.0,0.0,0.0,0.0,0,0.0,3031,54.27,1385,114.17,127,3.380968,0.0,0.0
2021-12-27,705.0,705.0,0.0,0.0,0.0,0.0,0.0,0.0,0.0,0.0,0,0.0,4188,54.83,982,66.78999999999999,655,18.112195,0.0,0.0
2021-12-28,6422.0,4446.93,0.0,0.0,0.0,0.0,0.0,0.0,0.0,0.0,0,0.0,5658,62.06,983,107.39,1081,30.023367999999998,0.0,0.0
2021-12-29,4798.0,4277.13,0.0,0.0,0.0,0.0,0.0,0.0,0.0,0.0,0,0.0,6761,77.75,931,85.13999999999999,243,8.987132,0.0,0.0
2021-12-30,4595.1,3868.42,0.0,0.0,0.0,0.0,0.0,0.0,0.0,0.0,0,0.0,9768,114.049916,1151,90.24000000000001,570,29.460615,0.0,0.0
2021-12-31,1558.0,1459.49,0.0,0.0,0.0,0.0,0.0,0.0,0.0,0.0,0,0.0,6749,117.9,931,119.22,1147,27.35452,0.0,0.0
2022-01-01,1509.0,1471.45,13764.0,922.91,0.0,0.0,0.0,0.0,1340.0,122.95,0,0.0,4580,93.83,878,96.2,1621,23.772694,0.0,0.0
2022-01-02,2608.0,2284.2999999999997,16269.0,1054.54,0.0,0.0,0.0,0.0,1308.0,114.51,0,0.0,5385,94.0,785,88.88000000000001,1858,23.709383000000003,0.0,0.0
2022-01-03,2071.0,1693.94,15276.0,942.52,0.0,0.0,0.0,0.0,1165.0,114.94,0,0.0,3871,95.85,1074,89.46000000000001,2051,24.328879999999998,0.0,0.0
2022-01-04,798.1,595.8,10197.0,823.07,0.0,0.0,0.0,0.0,1134.0,116.64000000000001,0,0.0,3250,68.03,996,103.45,1397,24.967236,0.0,0.0
2022-01-05,3873.5,3468.63,14381.0,1033.580001,5978.0,61.11,0.0,0.0,800.0,79.84,0,0.0,4172,58.242558,1086,111.65,1279,24.932881,0.0,0.0
2022-01-06,6151.55,4617.19,19978.0,1482.0,5597.0,55.86,0.0,0.0,276.0,74.92,0,0.0,5258,35.42,768,81.91999999999999,1209,25.776131,0.0,0.0
2022-01-07,5443.6,5325.98,21189.0,1441.4,6083.0,57.61,0.0,0.0,608.0,96.72,0,0.0,4507,120.18,824,73.06,1215,24.723861999999997,0.0,0.0
2022-01-08,7223.6,4816.17,18417.0,1489.4099999999999,6139.0,57.68,0.0,0.0,817.0,92.58,0,0.0,7198,93.329854,601,92.98,1038,24.0199,0.0,0.0
2022-01-09,5821.7,5225.72,17880.0,1365.29,5313.0,50.11,0.0,0.0,1057.0,80.13,0,0.0,4159,91.84,587,95.75,832,24.791018,0.0,0.0
2022-01-10,4636.5,3049.6800000000003,24349.0,1267.92,5342.0,50.18,0.0,0.0,1167.0,83.6,0,0.0,4972,57.162478,778,84.97999999999999,930,25.088530000000002,0.0,0.0
2022-01-11,2904.4,2450.78,29495.0,1198.3,5307.0,50.21,0.0,0.0,941.0,78.85,0,0.0,6244,84.100421,948,79.92,1064,25.222651,0.0,0.0
2022-01-12,1866.4,1600.32,27432.0,1288.46,5272.0,50.1,0.0,0.0,876.0,81.82,0,0.0,9162,93.69,1300,74.8,1055,24.765161,0.0,0.0
2022-01-13,5723.6,2120.86,22293.0,1299.53,5239.0,50.03,0.0,0.0,782.0,81.9,0,0.0,7487,72.4,741,75.74,1269,25.132734999999997,0.0,0.0
2022-01-14,1610.2,1666.28,31013.0,1355.91,5206.0,49.989999999999995,0.0,0.0,879.0,77.94,0,0.0,6811,89.05,896,73.05,1150,24.657671,0.0,0.0
2022-01-15,5004.7,4786.3,33591.0,1341.81,5259.0,49.38,0.0,0.0,843.0,75.75999999999999,0,0.0,5250,83.43,1168,80.12,817,24.696083,0.0,0.0
2022-01-16,2907.3,2753.02,32840.0,1270.23,5376.0,50.44,0.0,0.0,1044.0,81.35,0,0.0,5983,65.3,1400,76.74000000000001,848,24.259784,0.0,0.0
2022-01-17,3826.7,3702.8,37563.0,1288.12,5258.0,49.620000000000005,0.0,0.0,1091.0,81.82,0,0.0,6007,72.944742,1131,80.21000000000001,910,24.176835999999998,0.0,0.0
2022-01-18,2736.5,2593.87,37933.0,1451.47,3216.0,30.09,0.0,0.0,1207.0,80.84,0,0.0,7211,94.654898,1641,85.42999999999999,1533,24.22326,0.0,0.0
2022-01-19,2148.1,1378.65,33507.0,1493.83,3234.0,30.27,0.0,0.0,948.0,79.27000000000001,0,0.0,4628,86.74,1087,76.79,1557,24.878105,0.0,0.0
2022-01-20,4930.3,4026.88,31910.0,1469.45,3216.0,30.21,0.0,0.0,866.0,80.33,0,0.0,8193,81.74,1029,75.27000000000001,1435,24.599073,0.0,0.0
2022-01-21,4969.0,2620.56,34872.0,1479.61,3198.0,30.02,0.0,0.0,763.0,77.47,0,0.0,7645,69.331802,1236,76.01,1407,23.979818,0.0,0.0
2022-01-22,4674.2,4507.0,23785.0,1516.15,3180.0,29.830000000000002,0.0,0.0,727.0,78.92,0,0.0,3612,80.44,1364,95.11,1279,24.425061,0.0,0.0
2022-01-23,3602.2,3359.4,28216.0,1433.529999,4339.0,117.65,0.0,0.0,698.0,89.81,0,0.0,2900,72.7,1174,72.97,1137,24.156892,0.0,0.0
2022-01-24,15018.3,2788.16,32612.0,1421.12,5156.0,109.74,0.0,0.0,1069.0,103.07,0,0.0,4097,47.847579,889,61.1,2468,24.687519,0.0,0.0
2022-01-25,3842.2,3465.28,34998.0,1426.5,5134.0,109.58,0.0,0.0,947.0,98.52,0,0.0,2355,42.47,398,88.86,3593,24.317684,0.0,0.0
2022-01-26,2991.2,2919.8,36141.0,1414.420001,4998.0,107.04,0.0,0.0,946.0,102.200001,0,0.0,5652,59.41,718,49.35,4036,24.202232,0.0,0.0
2022-01-27,7861.2,7319.02,45474.0,1370.8499980000001,4921.0,111.67,0.0,0.0,824.0,98.7,0,0.0,7164,98.25,764,43.92,3046,25.63082,0.0,0.0
2022-01-28,3680.3,3028.8,43184.0,1418.009999,4838.0,106.73,0.0,0.0,1019.0,99.92,0,0.0,7617,85.350003,656,34.16,2786,23.691575,0.0,0.0
2022-01-29,3881.8,3469.35,41710.0,1390.99,4646.0,107.59,0.0,0.0,891.0,97.03999999999999,0,0.0,7182,100.56,1004,85.53,2224,19.153089,0.0,0.0
2022-01-30,4698.6,4530.8,51642.0,1371.36,4935.0,111.19,0.0,0.0,1003.0,97.34,0,0.0,4552,53.43,571,28.68,1269,24.016724,0.0,0.0
2022-01-31,5290.1,4799.4400000000005,57277.0,1353.6,4619.0,110.7,0.0,0.0,1143.0,98.85,0,0.0,5033,80.32,278,34.480000000000004,3057,28.200339999999997,0.0,0.0
2022-02-01,2612.6,2552.8599999999997,46822.0,1359.2799989999999,4800.0,109.49000000000001,0.0,0.0,954.0,98.28,0,0.0,8316,72.24,284,24.0,3984,28.252054,0.0,0.0
2022-02-02,2556.7,2347.56,32440.0,1393.3,4864.0,110.28,0.0,0.0,1101.0,100.69,0,0.0,15952,165.26,224,24.79,3118,27.015062,0.0,0.0
2022-02-03,2592.7,2423.69,35868.0,1456.3000000000002,4544.0,110.85,0.0,0.0,1145.0,101.78,0,0.0,14843,208.26,358,59.08,1604,27.44532,0.0,0.0
2022-02-04,4073.7999999999997,3014.42,56896.0,1402.6399999999999,4666.0,110.57,0.0,0.0,1213.0,100.38,0,0.0,12548,199.08,360,21.02,2895,26.759251,0.0,0.0
2022-02-05,2786.1,2747.48,55725.0,1463.52,4740.0,106.92,0.0,0.0,1236.0,102.67999999999999,0,0.0,12719,143.2,433,32.870000000000005,3946,26.468463,0.0,0.0
2022-02-06,2746.7,2687.91,68957.0,1350.98,4939.0,109.23,0.0,0.0,1139.0,98.48,0,0.0,15880,200.41,508,90.21,4125,26.836657000000002,0.0,0.0
2022-02-07,10780.9,2177.94,99630.0,1243.28,4030.0,59.0,0.0,0.0,1173.0,100.16,0,0.0,12005,106.306538,324,20.099999999999998,4586,28.391865,0.0,0.0
2022-02-08,4430.6,2291.74,42323.0,1231.92,3299.0,29.990000000000002,0.0,0.0,1124.0,99.430001,0,0.0,14369,240.54,318,25.550000000000004,3059,28.081786,0.0,0.0
2022-02-09,4002.2,2203.02,26557.0,1248.69,3287.0,30.0,0.0,0.0,1112.0,98.85,0,0.0,12476,147.54,332,31.97,2925,27.056033,0.0,0.0
2022-02-10,9652.5,1728.3400000000001,25636.0,1224.14,3308.0,30.09,0.0,0.0,730.0,66.66,0,0.0,13956,104.95,364,14.77,2602,27.985561999999998,0.0,0.0
2022-02-11,4313.3,1667.9299999999998,23290.0,1171.68,3275.0,30.03,0.0,0.0,622.0,46.34,0,0.0,10881,150.69,451,34.21,2779,26.080052000000002,0.0,0.0
2022-02-12,510.0,503.3,20582.0,1017.9100000000001,3197.0,29.42,0.0,0.0,544.0,46.31,0,0.0,10737,188.92,532,41.730000000000004,2638,26.789713999999996,0.0,0.0
2022-02-13,30008.7,838.25,20260.0,1015.02,3413.0,30.029999999999998,0.0,0.0,676.0,48.879999999999995,0,0.0,9335,133.14,518,62.36000000000001,2832,26.808805,0.0,0.0
2022-02-14,5759.2,2519.4500000000003,25511.0,1043.08,3220.0,30.12,0.0,0.0,226.0,19.4,0,0.0,8771,103.71,205,39.34,2356,27.753086,0.0,0.0
2022-02-15,2888.5,2270.55,31960.0,1295.91,3919.0,30.59,0.0,0.0,0.0,0.0,0,0.0,9035,119.66127,93,23.59,0,0.0,0.0,0.0
2022-02-16,22814.8,2339.25,20640.0,1223.449999,3645.0,30.52,0.0,0.0,0.0,0.0,0,0.0,7735,301.79,50,14.83,0,0.0,0.0,0.0
2022-02-17,2539.0,2506.09,23231.0,1237.87,3363.0,30.22,0.0,0.0,0.0,0.0,0,0.0,7997,229.03,63,8.91,0,0.0,0.0,0.0
2022-02-18,16688.5,1112.16,18029.0,1202.03,3245.0,29.430000000000003,0.0,0.0,0.0,0.0,0,0.0,14176,195.4,49,35.33,0,0.0,0.0,0.0
2022-02-19,953.0,915.71,16040.0,1249.56,3306.0,29.09,0.0,0.0,0.0,0.0,0,0.0,10555,190.58,18,10.69,0,0.0,0.0,0.0
2022-02-20,1257.5,1075.13,17430.0,1174.73,3628.0,30.43,0.0,0.0,0.0,0.0,0,0.0,9671,109.265601,26,11.11,0,0.0,0.0,0.0
2022-02-21,1900.8,1774.28,19916.0,1179.02,3503.0,30.18,0.0,0.0,0.0,0.0,0,0.0,8259,108.78,22,0.3,0,0.0,0.0,0.0
2022-02-22,6887.6,412.35999999999996,20986.0,1080.57,3514.0,29.73,0.0,0.0,0.0,0.0,0,0.0,10451,166.45,116,18.6,0,0.0,0.0,0.0
2022-02-23,5742.0,454.2,23902.0,1010.06,3507.0,30.06,0.0,0.0,0.0,0.0,0,0.0,10750,109.8,97,18.35,0,0.0,0.0,0.0
2022-02-24,11181.2,4224.84,20415.0,1041.01,3319.0,29.830000000000002,0.0,0.0,0.0,0.0,0,0.0,13622,155.56,113,10.5,0,0.0,0.0,0.0
2022-02-25,2044.5,1579.78,22134.0,1019.8000000000001,3288.0,29.76,0.0,0.0,0.0,0.0,0,0.0,11843,179.38,66,10.63,0,0.0,0.0,0.0
2022-02-26,2949.1,2729.4900000000002,23271.0,1047.4,3338.0,30.01,0.0,0.0,0.0,0.0,0,0.0,13420,203.36,84,16.27,0,0.0,0.0,0.0
2022-02-27,3156.1,2137.32,23448.0,1027.06,3483.0,30.72,0.0,0.0,0.0,0.0,0,0.0,10864,136.88,122,27.029999999999998,0,0.0,0.0,0.0
2022-02-28,3518.5,1571.99,20759.0,1037.85,3362.0,30.689999999999998,0.0,0.0,0.0,0.0,0,0.0,10928,128.93,89,14.31,0,0.0,0.0,0.0
2022-03-01,41598.5,3575.8,25168.0,1013.65,39441.0,109.0,0.0,0.0,0.0,0.0,0,0.0,12971,176.37,105,3.89,0,0.0,0.0,0.0
2022-03-02,41582.2,1903.25,21914.0,975.13,49689.0,147.41,0.0,0.0,0.0,0.0,0,0.0,13883,131.7,79,27.770000000000003,0,0.0,0.0,0.0
2022-03-03,4746.0,2440.73,19646.0,1000.85,46333.0,147.95000000000002,0.0,0.0,0.0,0.0,0,0.0,13566,208.574125,51,3.41,0,0.0,0.0,0.0
2022-03-04,11705.0,8773.25,20403.0,1029.73,43773.0,147.6,0.0,0.0,0.0,0.0,0,0.0,7102,174.17,47,7.97,0,0.0,0.0,0.0
2022-03-05,3637.0,2548.0099999999998,18362.0,1035.16,42586.0,146.81,0.0,0.0,0.0,0.0,0,0.0,12088,171.45,43,4.85,0,0.0,0.0,0.0
2022-03-06,3765.5,2679.59,15986.0,981.7,48195.0,151.62,0.0,0.0,0.0,0.0,0,0.0,15626,168.88,41,2.18,0,0.0,0.0,0.0
2022-03-07,17683.5,1219.44,18966.0,999.2,59490.0,150.19,0.0,0.0,0.0,0.0,0,0.0,433,1.806217,48,10.01,0,0.0,0.0,0.0
2022-03-08,2294.4,1650.82,22586.0,999.02,60413.0,150.06,0.0,0.0,0.0,0.0,0,0.0,219,0.68,278,41.32,0,0.0,0.0,0.0
2022-03-09,9264.2,2531.33,19689.0,947.8399999999999,49914.0,138.89,0.0,0.0,774.0,59.06,0,0.0,436,5.154476,129,40.690000000000005,0,0.0,0.0,0.0
2022-03-10,7396.3,6591.74,16946.0,1032.53,37643.0,108.06,0.0,0.0,977.0,66.18,0,0.0,638,4.50041,160,48.62,0,0.0,0.0,0.0
2022-03-11,11682.6,6129.9,25928.0,1387.8500000000001,29064.0,82.98,0.0,0.0,876.0,71.31,0,0.0,493,10.412719,358,64.04,0,0.0,0.0,0.0
2022-03-12,5943.9,5816.1,45597.0,1416.57,31029.0,82.12,0.0,0.0,798.0,75.21000000000001,0,0.0,672,9.361482,312,59.23,0,0.0,0.0,0.0
2022-03-13,15749.4,11979.83,57919.0,1355.78,34749.0,86.74,0.0,0.0,1009.0,71.50999999999999,0,0.0,480,6.781263,477,53.39,0,0.0,0.0,0.0
2022-03-14,4961.5,3658.88,53565.0,1405.32,32785.0,85.81,0.0,0.0,999.0,76.59,0,0.0,524,4.937648,932,110.08,0,0.0,0.0,0.0
2022-03-15,5271.7,4339.36,57179.0,1404.81,31043.0,85.62,0.0,0.0,972.0,75.26,0,0.0,635,9.493413,2951,349.08,0,0.0,0.0,0.0
2022-03-16,13536.3,12969.96,54454.0,1280.64,30976.0,88.44000000000001,0.0,0.0,991.0,72.42,0,0.0,354,4.390453,2523,428.35,0,0.0,0.0,0.0
2022-03-17,6168.0,4438.27,66660.0,1377.43,12899.0,47.88,0.0,0.0,845.0,74.07,0,0.0,26,0.022271,3477,414.57,0,0.0,0.0,0.0
2022-03-18,4726.0,3546.16,65763.0,1477.56,1868.0,15.63,0.0,0.0,980.0,81.05,0,0.0,109,1.372243,1737,291.55,0,0.0,0.0,0.0
2022-03-19,17938.4,15294.039999999999,77706.0,1631.79,0.0,0.0,0.0,0.0,766.0,74.09,0,0.0,227,3.080054,2903,480.37,0,0.0,0.0,0.0
2022-03-20,4814.6,4561.2,76295.0,1528.01,0.0,0.0,0.0,0.0,833.0,74.05,0,0.0,68,0.0,3761,429.8,0,0.0,0.0,0.0
2022-03-21,3658.8,3395.08,67358.0,1470.25,0.0,0.0,0.0,0.0,844.0,73.05,0,0.0,0,0.0,2638,428.68,0,0.0,0.0,0.0
2022-03-22,2991.8,2470.34,49190.0,1358.8600000000001,0.0,0.0,0.0,0.0,382.0,34.74,0,0.0,3,0.0,2390,405.99,0,0.0,0.0,0.0
2022-03-23,5875.6,4309.33,53672.0,1427.42,0.0,0.0,0.0,0.0,302.0,60.88000000000001,0,0.0,10,0.0,2306,393.02,0,0.0,0.0,0.0
2022-03-24,2927.1,2690.08,39653.0,1388.98,0.0,0.0,0.0,0.0,799.0,87.94999999999999,0,0.0,0,0.0,1958,278.62,4478,25.108811,0.0,0.0
2022-03-25,4709.3,4250.8,37705.0,1493.1,0.0,0.0,0.0,0.0,1087.0,85.69,0,0.0,0,0.0,1553,253.81,7137,24.830026999999998,0.0,0.0
2022-03-26,3152.2,3098.31,36126.0,1615.8899999999999,0.0,0.0,0.0,0.0,1072.0,86.62,0,0.0,0,0.0,953,215.3,1606,26.734358,0.0,0.0
2022-03-27,3837.3,3625.15,39030.0,1746.82,0.0,0.0,0.0,0.0,968.0,74.25999999999999,0,0.0,0,0.0,832,132.88,2106,25.972224,0.0,0.0
2022-03-28,3635.3,3516.56,38852.0,1490.1,0.0,0.0,0.0,0.0,1410.0,73.87,0,0.0,145,1.29,1092,122.02000000000001,3441,25.839143999999997,0.0,0.0
2022-03-29,2239.95,1528.24,22818.0,1180.58,0.0,0.0,0.0,0.0,1218.0,75.66,0,0.0,0,0.0,713,97.63,2200,23.742169,0.0,0.0
2022-03-30,2187.5,1340.64,20686.0,1155.5,0.0,0.0,0.0,0.0,1165.0,74.49000000000001,0,0.0,137,0.5,1087,195.16,2274,23.81063,0.0,0.0
2022-03-31,4850.3,2697.3,32390.0,1120.56,0.0,0.0,0.0,0.0,795.0,74.31,0,0.0,0,0.0,664,109.52,1387,24.154667,0.0,0.0
2022-04-01,2361.2,2153.98,32811.0,1310.78,0.0,0.0,0.0,0.0,757.0,75.62,0,0.0,4,0.0,1148,172.64,2072,25.235608,0.0,0.0
2022-04-02,4842.4,4927.08,51091.0,1364.58,0.0,0.0,0.0,0.0,647.0,76.78999999999999,0,0.0,2222,28.706233,630,163.38,3860,24.290216,0.0,0.0
2022-04-03,2567.1,2406.73,56170.0,1413.79,0.0,0.0,0.0,0.0,804.0,78.41,0,0.0,54,0.0,618,108.2,3805,25.505651,0.0,0.0
2022-04-04,2517.1,2392.2200000000003,60691.0,1361.1200000000001,0.0,0.0,0.0,0.0,806.0,72.47,0,0.0,9,0.177652,1008,112.55000000000001,5394,26.483511,0.0,0.0
2022-04-05,19848.5,2549.68,48432.0,1324.93,0.0,0.0,0.0,0.0,935.0,74.72999999999999,0,0.0,135,0.81,341,85.07,2016,25.848729000000002,0.0,0.0
2022-04-06,4469.5,3883.06,48749.0,1469.11,398.0,19.509999999999998,0.0,0.0,896.0,74.57,0,0.0,286,4.750609,201,54.9,3853,25.994739,0.0,0.0
2022-04-07,3587.9,3368.19,41540.0,1368.23,689.0,19.82,0.0,0.0,774.0,72.66,0,0.0,51,0.061395,112,20.48,2358,25.340315000000004,0.0,0.0
2022-04-08,3679.1,2944.23,37820.0,1139.71,623.0,21.29,0.0,0.0,800.0,78.68,0,0.0,18,0.0,330,30.27,4669,25.147677,0.0,0.0
2022-04-09,2376.1,2217.99,38487.0,1055.96,805.0,22.9,0.0,0.0,740.0,73.45,0,0.0,152,0.0,304,25.77,4663,26.869372,0.0,0.0
2022-04-10,4025.1,3679.33,41912.0,1111.44,638.0,16.46,0.0,0.0,729.0,77.87,0,0.0,847,9.220682,357,51.60000000000001,10495,25.226168,0.0,0.0
2022-04-11,2168.6,1988.1000000000001,48717.0,1035.74,0.0,0.0,0.0,0.0,794.0,76.28,0,0.0,21,0.0,1739,171.78,8259,27.105957,0.0,0.0
2022-04-12,2504.0,1609.26,49990.0,1016.82,0.0,0.0,0.0,0.0,915.0,75.52000000000001,0,0.0,6,0.0,1814,219.35000000000002,5885,25.944159999999997,0.0,0.0
2022-04-13,3253.5,3126.93,37535.0,1013.740001,0.0,0.0,0.0,0.0,609.0,77.65,0,0.0,6,0.0,2286,294.43,3624,25.501265,0.0,0.0
2022-04-14,8899.9,7552.75,53038.0,1217.25,0.0,0.0,0.0,0.0,882.0,71.83,0,0.0,11,0.0,2650,246.41,5196,25.110052,0.0,0.0
2022-04-15,26802.4,21525.76,58048.0,1655.6200000000001,0.0,0.0,0.0,0.0,643.0,70.3,0,0.0,13,0.0,2733,233.82000000000002,2171,24.311871,0.0,0.0
2022-04-16,11903.5,9172.85,58439.0,1743.07,0.0,0.0,0.0,0.0,715.0,75.5,0,0.0,11622,176.23,1783,229.97,2919,24.907835,0.0,0.0
2022-04-17,5874.4,4584.84,63575.0,1704.45,0.0,0.0,0.0,0.0,765.0,77.72,0,0.0,1104,8.08,2267,214.28000000000003,3154,25.038919,0.0,0.0
2022-04-18,9440.3,6595.34,59835.0,1697.66,2699.0,19.349999999999998,0.0,0.0,970.0,80.35,0,0.0,2714,26.883251,1164,157.96,2856,26.920422000000002,0.0,0.0
2022-04-19,6067.8,4577.84,51023.0,1705.21,7545.0,90.96,0.0,0.0,1141.0,76.00999999999999,0,0.0,333,1.55,1203,130.44,2112,26.30771,0.0,0.0
2022-04-20,10359.2,8098.86,51022.0,1734.71,2941.0,39.64,0.0,0.0,933.0,72.58000000000001,0,0.0,216,2.755491,673,104.91000000000001,1406,25.636599,0.0,0.0
2022-04-21,6289.3,4971.7699999999995,55439.0,1783.06,0.0,0.0,0.0,0.0,1081.0,71.33,0,0.0,2252,18.014247,657,96.26999999999998,1422,25.406250999999997,0.0,0.0
2022-04-22,7775.0,6060.8,57248.0,1749.21,0.0,0.0,0.0,0.0,1236.0,70.9,0,0.0,412,8.89414,564,100.75999999999999,1980,23.969137,0.0,0.0
2022-04-23,6340.7,4700.22,51723.0,1854.16,0.0,0.0,0.0,0.0,1015.0,76.03999999999999,0,0.0,1077,14.63,582,78.73,1603,24.627524,0.0,0.0
2022-04-24,6118.2,4832.03,58693.0,1920.4,0.0,0.0,0.0,0.0,1058.0,78.9,0,0.0,112,6.712187,1006,130.62,1806,24.462186,0.0,0.0
2022-04-25,6845.5,5008.03,55128.0,1953.17,0.0,0.0,0.0,0.0,1333.0,74.23,0,0.0,128,0.0,901,133.31,1549,25.361092,0.0,0.0
2022-04-26,3080.3,3017.03,34859.0,1192.39,0.0,0.0,0.0,0.0,1151.0,73.53,0,0.0,1406,28.1,677,154.04999999999998,1502,26.184935,0.0,0.0
2022-04-27,1117.1,964.15,30863.0,1258.18,0.0,0.0,0.0,0.0,1022.0,76.19,0,0.0,72,0.30286,757,66.75,1581,24.983674,0.0,0.0
2022-04-28,2659.0,2454.12,29935.0,1265.42,0.0,0.0,0.0,0.0,1040.0,72.47999999999999,0,0.0,19,0.0,555,28.92,1819,26.554852,0.0,0.0
2022-04-29,1698.5,1782.88,32860.0,1211.8,0.0,0.0,0.0,0.0,1002.0,72.65,0,0.0,98,0.017477,1292,141.87,2101,23.721697,0.0,0.0
2022-04-30,2823.0,2662.66,32865.0,1292.95,0.0,0.0,0.0,0.0,908.0,76.96000000000001,0,0.0,707,3.842311,1361,174.62,1762,22.71677,0.0,0.0
2022-05-01,3991.8,3906.78,38544.0,1325.98,0.0,0.0,0.0,0.0,922.0,80.78,0,0.0,763,17.275497,1001,107.68,2145,24.250996,0.0,0.0
2022-05-02,3766.5,3488.29,40892.0,1231.79,0.0,0.0,0.0,0.0,1024.0,76.0,0,0.0,67,0.0,1206,111.8,3752,25.336772,0.0,0.0
2022-05-03,3146.2,2839.45,33103.0,1211.61,0.0,0.0,0.0,0.0,1012.0,70.63999999999999,0,0.0,2526,50.489544,737,126.49000000000001,2709,25.18466,0.0,0.0
2022-05-04,5382.8,5070.97,36876.0,1253.7,0.0,0.0,0.0,0.0,909.0,73.11,0,0.0,0,0.0,943,127.51,1507,24.529211,0.0,0.0
2022-05-05,7125.0,5500.65,34601.0,1218.95,0.0,0.0,0.0,0.0,712.0,74.74000000000001,0,0.0,0,0.0,932,122.95,1340,24.904771,0.0,0.0
2022-05-06,3379.0,2889.74,32746.0,1145.65,0.0,0.0,0.0,0.0,748.0,71.57,0,0.0,0,0.0,799,121.93,1771,24.33459,0.0,0.0
2022-05-07,9847.7,9595.76,33589.0,1245.82,0.0,0.0,0.0,0.0,757.0,78.08,0,0.0,0,0.0,1076,117.5,1912,23.879014,0.0,0.0
2022-05-08,1972.5,1951.07,39674.0,1321.9,0.0,0.0,0.0,0.0,857.0,76.11,0,0.0,1062,5.35,997,120.82999999999998,1556,24.581996999999998,0.0,0.0
2022-05-09,5950.8,5699.64,43984.0,1266.43,0.0,0.0,0.0,0.0,788.0,76.21,0,0.0,2,0.0,868,145.92,1619,24.109665999999997,0.0,0.0
2022-05-10,8719.7,8046.62,38166.0,1251.94,0.0,0.0,0.0,0.0,647.0,73.8,0,0.0,21,0.0,776,127.98,289,17.760624,0.0,0.0
2022-05-11,1475.5,1371.1,25633.0,1197.11,0.0,0.0,0.0,0.0,692.0,76.09,0,0.0,132,0.38,1061,107.02000000000001,453,30.642458,0.0,0.0
2022-05-12,2848.3,2517.02,28076.0,1176.3600000000001,3095.0,28.16,0.0,0.0,627.0,74.17,0,0.0,0,0.0,709,101.88000000000001,304,17.678375000000003,0.0,0.0
2022-05-13,5457.8,4260.07,30152.0,1294.389999,3836.0,28.580000000000002,0.0,0.0,665.0,71.22999999999999,0,0.0,0,0.0,778,100.86000000000001,453,30.936165,0.0,0.0
2022-05-14,5488.8,4561.94,29186.0,1339.96,3600.0,28.71,0.0,0.0,700.0,77.37,0,0.0,382,5.84,830,119.56,431,25.694327,0.0,0.0
2022-05-15,2109.6,1743.63,38036.0,1402.78,3437.0,26.73,0.0,0.0,824.0,80.27000000000001,0,0.0,0,0.0,991,98.53,486,25.298292,0.0,0.0
2022-05-16,1232.9,929.5699999999999,23524.0,1343.73,3162.0,24.720000000000002,0.0,0.0,777.0,77.23,0,0.0,1674,15.65,972,103.24000000000001,498,26.761154,0.0,0.0
2022-05-17,1600.6,1478.7,32018.0,1261.6,3021.0,24.28,0.0,0.0,579.0,74.74,0,0.0,1,0.0,969,103.58,526,24.858511,0.0,0.0
2022-05-18,2495.0,2355.64,31613.0,1280.62,2964.0,24.6,0.0,0.0,501.0,73.0,0,0.0,234,3.48,447,58.33,518,25.506975,0.0,0.0
2022-05-19,3301.5,3115.0499999999997,30763.0,1257.21,3027.0,24.2,0.0,0.0,571.0,72.91,0,0.0,1897,35.14,610,55.01,525,25.171262,0.0,0.0
2022-05-20,1267.6,1242.44,27506.0,1286.25,3146.0,24.2,0.0,0.0,612.0,71.63,0,0.0,0,0.0,332,51.949999999999996,500,25.425056,0.0,0.0
2022-05-21,3179.6,2921.8,29654.0,1382.82,3406.0,26.24,0.0,0.0,528.0,75.12,0,0.0,0,0.0,570,79.55,439,24.418061,0.0,0.0
2022-05-22,993.6,973.59,33088.0,1441.1599999999999,3568.0,27.400000000000002,0.0,0.0,565.0,81.59,0,0.0,4,0.0,436,126.72,560,24.314582,1.0,0.0
2022-05-23,2383.2,2305.49,23387.0,1131.47,3354.0,24.89,0.0,0.0,581.0,77.46000000000001,0,0.0,22,0.0,374,55.24,501,24.891614,1.0,0.0
2022-05-24,933.0,919.24,24405.0,1120.33,3465.0,24.33,0.0,0.0,574.0,75.2,0,0.0,1,0.0,597,52.01,557,23.57285,1.0,0.0
2022-05-25,1722.0,1653.1399999999999,26123.0,1072.640001,3443.0,24.610000000000003,0.0,0.0,591.0,70.59,0,0.0,0,0.0,354,55.31,537,24.095576,1.0,0.0
2022-05-26,2917.6,2435.96,27190.0,1161.97,3303.0,23.490000000000002,0.0,0.0,537.0,72.74,0,0.0,0,0.0,341,54.290000000000006,504,23.550733,0.0,0.0
2022-05-27,4756.1,4643.04,26331.0,1181.26,3196.0,23.880000000000003,0.0,0.0,554.0,73.03,0,0.0,0,0.0,348,64.22999999999999,491,22.073766,0.0,0.0
2022-05-28,2357.3,2059.41,23853.0,1184.23,3297.0,26.34,0.0,0.0,531.0,74.0,0,0.0,0,0.0,303,51.21,484,25.351554,0.0,0.0
2022-05-29,573.2,579.68,27889.0,1293.72,3396.0,26.52,0.0,0.0,564.0,78.55,0,0.0,375,4.66,564,95.1,448,24.018277,1.0,0.0
2022-05-30,1531.8,1309.73,23969.0,1230.18,3420.0,25.57,0.0,0.0,521.0,82.34,0,0.0,0,0.0,360,58.709999999999994,479,24.08341,1.0,0.0
2022-05-31,4034.5,3790.34,26284.0,1167.66,3325.0,23.81,0.0,0.0,460.0,71.47,0,0.0,0,0.0,540,70.55000000000001,476,23.178583,0.0,0.0
2022-06-01,2996.1,2960.99,32605.0,1169.95,4195.0,34.0,0.0,0.0,433.0,75.25999999999999,0,0.0,690,6.23,584,63.14,491,25.111995,0.0,0.0
2022-06-02,1956.1,1904.77,33926.0,1615.619999,5773.0,68.2,0.0,0.0,554.0,73.49,0,0.0,5164,67.12,552,58.96,483,24.794642000000003,0.0,0.0
2022-06-03,3505.0,3469.3,35737.0,2104.98,5562.0,68.3,0.0,0.0,4168.0,210.2,0,0.0,0,0.0,514,57.52,410,25.117327,0.0,0.0
2022-06-04,2329.0,2335.56,32971.0,2324.65,5707.0,72.98,0.0,0.0,6633.0,317.41,0,0.0,7187,109.97,495,56.18,475,24.993953,0.0,0.0
2022-06-05,1230.5,1272.21,22446.0,1122.66,374.0,5.4399999999999995,0.0,0.0,7349.0,275.98,0,0.0,1012,27.19,710,62.33,508,26.544151000000003,0.0,0.0
2022-06-06,796.6,757.73,18435.0,1028.46,0.0,0.0,0.0,0.0,6158.0,364.40999999999997,0,0.0,328,1.47,501,53.86,508,26.371589,0.0,0.0
2022-06-07,1773.3,1626.44,10391.0,868.5799999999999,0.0,0.0,0.0,0.0,8878.0,601.28,0,0.0,0,0.0,540,59.59,609,27.693788,0.0,0.0
2022-06-08,2874.0,2768.75,17925.0,1024.76,0.0,0.0,0.0,0.0,11394.0,575.49,0,0.0,487,7.91,654,57.38,547,25.474971000000004,0.0,0.0
2022-06-09,3751.8,3489.2200000000003,20231.0,1008.86,0.0,0.0,0.0,0.0,10818.0,567.04,0,0.0,0,0.0,144,22.01,225,13.11207,0.0,0.0
2022-06-10,1966.2,1928.59,11355.0,1020.22,0.0,0.0,0.0,0.0,10395.0,575.58,0,0.0,0,0.0,21,1.38,0,0.0,0.0,0.0
2022-06-11,3349.0,3753.05,9745.0,1027.309999,0.0,0.0,0.0,0.0,10217.0,610.56,0,0.0,0,0.0,21,2.55,0,0.0,0.0,0.0
2022-06-12,2424.5,2435.68,7888.0,965.73,0.0,0.0,0.0,0.0,11560.0,701.74,0,0.0,0,0.0,27,4.54,0,0.0,0.0,0.0
2022-06-13,845.0,827.0699999999999,8538.0,928.5,0.0,0.0,0.0,0.0,12056.0,660.4499999999999,0,0.0,0,0.0,27,7.63,0,0.0,0.0,0.0
2022-06-14,1727.5,1747.1,8279.0,840.95,0.0,0.0,0.0,0.0,10632.0,761.54,0,0.0,0,0.0,95,38.33,0,0.0,0.0,0.0
2022-06-15,2971.4,3088.81,8377.0,689.61,0.0,0.0,0.0,0.0,11294.0,725.75,0,0.0,0,0.0,55,9.16,0,0.0,0.0,0.0
2022-06-16,1577.2,1522.1100000000001,5738.0,485.050002,0.0,0.0,0.0,0.0,12571.0,746.99,0,0.0,0,0.0,45,4.57,0,0.0,0.0,0.0
2022-06-17,1687.8,1694.4,4737.0,423.94,0.0,0.0,0.0,0.0,15932.0,791.5600000000001,0,0.0,0,0.0,34,22.46,0,0.0,0.0,0.0
2022-06-18,2315.4,2233.12,3954.0,376.77,0.0,0.0,0.0,0.0,15511.0,763.59,0,0.0,0,0.0,31,11.82,0,0.0,0.0,0.0
2022-06-19,2693.6,2667.02,4063.0,374.69,0.0,0.0,0.0,0.0,19752.0,870.48,0,0.0,0,0.0,28,3.11,0,0.0,0.0,0.0
2022-06-20,2200.8,2097.91,3999.0,365.40999999999997,0.0,0.0,0.0,0.0,20957.0,885.43,0,0.0,0,0.0,30,6.9,0,0.0,0.0,0.0
2022-06-21,729.0,734.25,3437.0,362.03,0.0,0.0,0.0,0.0,21835.0,902.77,0,0.0,0,0.0,37,13.46,0,0.0,0.0,0.0
2022-06-22,1220.6,1237.3,3488.0,357.15999999999997,0.0,0.0,0.0,0.0,37770.0,884.67,0,0.0,0,0.0,17,21.77,0,0.0,0.0,0.0
2022-06-23,1933.6,1896.97,3677.0,347.77,0.0,0.0,0.0,0.0,22355.0,845.6,0,0.0,0,0.0,23,0.11,0,0.0,0.0,0.0
2022-06-24,2772.0,2689.14,4684.0,316.5,0.0,0.0,0.0,0.0,19030.0,846.51,0,0.0,0,0.0,20,1.0,0,0.0,0.0,0.0
2022-06-25,3635.0,3699.47,4855.0,300.61,0.0,0.0,0.0,0.0,18672.0,838.96,0,0.0,0,0.0,10,0.11,0,0.0,0.0,0.0
2022-06-26,2919.9,2968.78,5364.0,313.41999999999996,0.0,0.0,0.0,0.0,20059.0,910.11,0,0.0,0,0.0,20,6.11,0,0.0,0.0,0.0
2022-06-27,3158.4,3259.5499999999997,4810.0,310.67,0.0,0.0,0.0,0.0,19718.0,886.22,0,0.0,0,0.0,18,9.38,0,0.0,0.0,0.0
2022-06-28,4310.1,4119.75,4040.0,302.49,0.0,0.0,0.0,0.0,15858.0,865.78,0,0.0,0,0.0,40,19.77,0,0.0,0.0,0.0
2022-06-29,2025.3,2009.59,4333.0,289.92,0.0,0.0,0.0,0.0,18590.0,801.1,0,0.0,0,0.0,22,27.34,0,0.0,0.0,0.0
2022-06-30,10709.9,8060.0,9037.0,439.87,0.0,0.0,0.0,0.0,16773.0,707.3100000000001,0,0.0,0,0.0,70,12.99,0,0.0,0.0,0.0
2022-07-01,5045.1,4032.31,13071.0,549.59,0.0,0.0,0.0,0.0,13407.0,586.28,0,0.0,0,0.0,47,4.71,0,0.0,0.0,0.0
2022-07-02,5188.900000000001,4122.03,11263.0,556.64,0.0,0.0,0.0,0.0,11963.0,641.79,0,0.0,0,0.0,29,3.6,0,0.0,0.0,0.0
2022-07-03,8595.4,6542.27,11649.0,643.17,0.0,0.0,0.0,0.0,18005.0,848.83,0,0.0,0,0.0,236,199.98000000000002,0,0.0,0.0,0.0
2022-07-04,7647.2,6096.77,12424.0,602.54,0.0,0.0,0.0,0.0,18736.0,760.39,0,0.0,0,0.0,650,185.08,0,0.0,0.0,0.0
2022-07-05,7522.599999999999,6033.16,10204.0,587.74,0.0,0.0,0.0,0.0,24215.0,762.66,0,0.0,0,0.0,486,113.35,0,0.0,0.0,0.0
2022-07-06,2341.4,2102.5099999999998,8192.0,446.62,0.0,0.0,0.0,0.0,14663.0,529.0,0,0.0,0,0.0,319,113.48,0,0.0,0.0,0.0
2022-07-07,1518.8,1430.09,0.0,0.0,0.0,0.0,0.0,0.0,0.0,0.0,0,0.0,0,0.0,840,118.07000000000001,0,0.0,0.0,0.0
2022-07-08,2588.4,2362.03,0.0,0.0,0.0,0.0,0.0,0.0,0.0,0.0,0,0.0,0,0.0,109,30.09,0,0.0,0.0,0.0
2022-07-09,2372.4,2538.82,0.0,0.0,0.0,0.0,0.0,0.0,0.0,0.0,0,0.0,0,0.0,79,23.17,0,0.0,0.0,0.0
2022-07-10,1926.6,1617.0700000000002,0.0,0.0,0.0,0.0,0.0,0.0,0.0,0.0,0,0.0,0,0.0,847,71.52,0,0.0,0.0,0.0
2022-07-11,1842.2,1586.12,0.0,0.0,0.0,0.0,0.0,0.0,0.0,0.0,0,0.0,0,0.0,1013,148.8,10181,138.57786400000003,0.0,0.0
2022-07-12,1624.3,1100.19,0.0,0.0,0.0,0.0,0.0,0.0,0.0,0.0,0,0.0,0,0.0,1043,128.87,4486,102.024126,0.0,0.0
2022-07-13,1073.7,1043.1399999999999,0.0,0.0,0.0,0.0,0.0,0.0,0.0,0.0,0,0.0,0,0.0,1070,82.17999999999999,6848,102.71705700000001,0.0,0.0
2022-07-14,3749.5,2964.32,0.0,0.0,0.0,0.0,0.0,0.0,0.0,0.0,0,0.0,0,0.0,293,49.82,4021,61.81137,0.0,0.0
2022-07-15,2690.6,2531.38,0.0,0.0,0.0,0.0,0.0,0.0,0.0,0.0,0,0.0,0,0.0,212,43.68,5395,66.885107,0.0,0.0
2022-07-16,3148.9,2996.82,0.0,0.0,0.0,0.0,0.0,0.0,0.0,0.0,0,0.0,0,0.0,205,87.68,3000,59.213775000000005,0.0,0.0
2022-07-17,2235.8,2113.64,0.0,0.0,0.0,0.0,0.0,0.0,0.0,0.0,0,0.0,0,0.0,70,22.3,6916,58.969265,0.0,0.0
2022-07-18,2731.0,2584.16,0.0,0.0,0.0,0.0,0.0,0.0,0.0,0.0,0,0.0,0,0.0,83,33.76,2687,62.884257999999996,0.0,0.0
2022-07-19,2446.7,2163.64,0.0,0.0,0.0,0.0,0.0,0.0,0.0,0.0,0,0.0,0,0.0,139,109.06,4902,52.557916,0.0,0.0
2022-07-20,2164.6,2032.81,0.0,0.0,0.0,0.0,0.0,0.0,0.0,0.0,0,0.0,0,0.0,231,48.11,1191,21.079688,0.0,0.0
2022-07-21,3528.5,3390.69,0.0,0.0,0.0,0.0,0.0,0.0,0.0,0.0,0,0.0,0,0.0,143,19.335294,1407,20.341099999999997,0.0,0.0
2022-07-22,4093.5,4134.72,0.0,0.0,0.0,0.0,0.0,0.0,0.0,0.0,0,0.0,0,0.0,124,43.74,1708,20.17869,0.0,0.0
2022-07-23,2962.7,2782.09,0.0,0.0,0.0,0.0,0.0,0.0,0.0,0.0,0,0.0,0,0.0,79,24.48384,3388,19.946019,0.0,0.0
2022-07-24,2189.6,2080.22,0.0,0.0,0.0,0.0,0.0,0.0,0.0,0.0,0,0.0,0,0.0,45,50.660000000000004,2566,19.69055,0.0,0.0
2022-07-25,1905.6,1908.92,0.0,0.0,0.0,0.0,0.0,0.0,0.0,0.0,0,0.0,0,0.0,65,25.28,3504,20.762777,0.0,0.0
2022-07-26,2005.9,1857.87,0.0,0.0,0.0,0.0,0.0,0.0,0.0,0.0,0,0.0,0,0.0,64,22.84,2752,20.547562,0.0,0.0
2022-07-27,1801.5,1653.47,0.0,0.0,0.0,0.0,0.0,0.0,0.0,0.0,0,0.0,0,0.0,48,47.81,1182,20.418976999999998,0.0,0.0
2022-07-28,4014.9,3588.6,0.0,0.0,0.0,0.0,0.0,0.0,0.0,0.0,0,0.0,0,0.0,69,28.240607,2681,20.444607,0.0,0.0
2022-07-29,3790.4,3589.35,0.0,0.0,0.0,0.0,0.0,0.0,0.0,0.0,0,0.0,0,0.0,60,137.71,3671,19.687154999999997,0.0,0.0
2022-07-30,2672.7,3212.28,0.0,0.0,0.0,0.0,0.0,0.0,0.0,0.0,0,0.0,0,0.0,57,34.800000000000004,1264,19.011001,0.0,0.0
2022-07-31,2018.9,1927.22,0.0,0.0,0.0,0.0,0.0,0.0,0.0,0.0,0,0.0,0,0.0,45,13.18,3671,18.074500999999998,0.0,0.0
2022-08-01,2166.6,2090.59,0.0,0.0,0.0,0.0,0.0,0.0,0.0,0.0,0,0.0,0,0.0,66,137.97000000000003,1875,20.341646,0.0,0.0
2022-08-02,3589.0,3360.6,0.0,0.0,0.0,0.0,0.0,0.0,0.0,0.0,0,0.0,0,0.0,35,7.642754,731,20.830721999999998,0.0,0.0
2022-08-03,1343.2,1313.65,0.0,0.0,0.0,0.0,0.0,0.0,0.0,0.0,0,0.0,0,0.0,24,12.209999999999999,0,0.0,0.0,0.0
2022-08-04,2712.7,2715.13,0.0,0.0,0.0,0.0,0.0,0.0,0.0,0.0,0,0.0,0,0.0,32,2.9,0,0.0,0.0,0.0
2022-08-05,3878.5,3896.38,0.0,0.0,0.0,0.0,0.0,0.0,0.0,0.0,0,0.0,0,0.0,31,5.95,0,0.0,0.0,0.0
2022-08-06,3106.1,2892.45,0.0,0.0,0.0,0.0,0.0,0.0,0.0,0.0,0,0.0,0,0.0,53,20.96,0,0.0,0.0,0.0
2022-08-07,3481.3,3300.18,0.0,0.0,0.0,0.0,0.0,0.0,0.0,0.0,0,0.0,0,0.0,26,6.369999999999999,0,0.0,0.0,0.0
2022-08-08,1381.8,1321.3600000000001,0.0,0.0,0.0,0.0,0.0,0.0,0.0,0.0,0,0.0,0,0.0,46,10.62,0,0.0,0.0,0.0
2022-08-09,1525.0,1498.52,0.0,0.0,0.0,0.0,0.0,0.0,0.0,0.0,0,0.0,0,0.0,30,4.04,0,0.0,0.0,0.0
2022-08-10,2987.1,2736.96,0.0,0.0,0.0,0.0,0.0,0.0,0.0,0.0,0,0.0,0,0.0,43,39.76,0,0.0,0.0,0.0
2022-08-11,2281.2,2330.61,0.0,0.0,0.0,0.0,0.0,0.0,0.0,0.0,0,0.0,0,0.0,38,31.77,0,0.0,0.0,0.0
2022-08-12,2333.0,2153.36,0.0,0.0,0.0,0.0,0.0,0.0,0.0,0.0,0,0.0,0,0.0,48,48.050000000000004,0,0.0,0.0,0.0
2022-08-13,2973.8,2934.83,0.0,0.0,0.0,0.0,0.0,0.0,0.0,0.0,0,0.0,0,0.0,47,44.650000000000006,0,0.0,0.0,0.0
2022-08-14,1591.3,1532.67,0.0,0.0,0.0,0.0,0.0,0.0,0.0,0.0,0,0.0,0,0.0,45,18.55,0,0.0,0.0,0.0
2022-08-15,2352.7,2255.6,0.0,0.0,0.0,0.0,0.0,0.0,0.0,0.0,0,0.0,0,0.0,27,11.98,0,0.0,0.0,0.0
2022-08-16,1963.9,1963.33,0.0,0.0,0.0,0.0,0.0,0.0,0.0,0.0,0,0.0,0,0.0,26,4.66,0,0.0,0.0,0.0
2022-08-17,2347.0,2400.16,0.0,0.0,0.0,0.0,0.0,0.0,0.0,0.0,0,0.0,0,0.0,52,21.549999999999997,0,0.0,0.0,0.0
2022-08-18,2529.5,2501.1400000000003,0.0,0.0,0.0,0.0,0.0,0.0,0.0,0.0,0,0.0,0,0.0,29,8.7,0,0.0,0.0,0.0
2022-08-19,901.5,868.9200000000001,0.0,0.0,0.0,0.0,0.0,0.0,0.0,0.0,0,0.0,0,0.0,32,24.55,0,0.0,0.0,0.0
2022-08-20,2028.2,1876.79,0.0,0.0,0.0,0.0,0.0,0.0,0.0,0.0,0,0.0,0,0.0,30,19.79,0,0.0,0.0,0.0
2022-08-21,2476.2,2292.28,0.0,0.0,0.0,0.0,0.0,0.0,0.0,0.0,0,0.0,0,0.0,31,4.4,0,0.0,0.0,0.0
2022-08-22,605.6,542.88,0.0,0.0,0.0,0.0,0.0,0.0,0.0,0.0,0,0.0,0,0.0,29,52.29,0,0.0,0.0,0.0
2022-08-23,738.6,695.3000000000001,0.0,0.0,0.0,0.0,0.0,0.0,0.0,0.0,0,0.0,0,0.0,54,61.260000000000005,0,0.0,0.0,0.0
2022-08-24,2665.1,2697.73,0.0,0.0,0.0,0.0,0.0,0.0,0.0,0.0,0,0.0,0,0.0,31,5.01,0,0.0,0.0,0.0
2022-08-25,1122.1,1042.84,0.0,0.0,0.0,0.0,0.0,0.0,0.0,0.0,0,0.0,0,0.0,30,8.46,0,0.0,0.0,0.0
2022-08-26,1591.3000000000002,1355.04,0.0,0.0,0.0,0.0,0.0,0.0,0.0,0.0,0,0.0,0,0.0,24,14.47,0,0.0,0.0,0.0
2022-08-27,1394.0,1295.95,0.0,0.0,0.0,0.0,0.0,0.0,0.0,0.0,0,0.0,0,0.0,11,0.01,0,0.0,0.0,0.0
2022-08-28,2931.95,2521.29,0.0,0.0,0.0,0.0,0.0,0.0,0.0,0.0,0,0.0,0,0.0,31,15.559999999999999,0,0.0,0.0,0.0
2022-08-29,4880.45,3714.85,0.0,0.0,0.0,0.0,0.0,0.0,0.0,0.0,0,0.0,0,0.0,36,7.26,0,0.0,0.0,0.0
2022-08-30,3440.65,2862.43,0.0,0.0,0.0,0.0,0.0,0.0,0.0,0.0,0,0.0,0,0.0,26,16.83,0,0.0,0.0,0.0
2022-08-31,4033.1,3080.4500000000003,0.0,0.0,0.0,0.0,0.0,0.0,0.0,0.0,0,0.0,0,0.0,39,10.839999999999998,0,0.0,0.0,0.0
2022-09-01,6809.5,5413.15,0.0,0.0,0.0,0.0,0.0,0.0,0.0,0.0,0,0.0,0,0.0,112,7.8327420000000005,0,0.0,0.0,0.0
2022-09-02,3051.1,2554.78,0.0,0.0,0.0,0.0,0.0,0.0,0.0,0.0,0,0.0,0,0.0,69,36.66,0,0.0,0.0,0.0
2022-09-03,4610.65,3514.34,0.0,0.0,0.0,0.0,0.0,0.0,0.0,0.0,0,0.0,0,0.0,67,31.189999999999998,0,0.0,0.0,0.0
2022-09-04,2552.7,1927.55,0.0,0.0,0.0,0.0,0.0,0.0,0.0,0.0,0,0.0,0,0.0,54,6.5987029999999995,0,0.0,0.0,0.0
2022-09-05,5251.2,3909.39,0.0,0.0,0.0,0.0,0.0,0.0,0.0,0.0,0,0.0,0,0.0,76,10.13,65092,299.19332399999996,0.0,0.0
2022-09-06,1409.5,996.2,0.0,0.0,0.0,0.0,0.0,0.0,0.0,0.0,0,0.0,0,0.0,81,32.1,126992,304.57957,0.0,0.0
2022-09-07,5269.4,4964.28,0.0,0.0,7120.0,20.470000000000002,0.0,0.0,0.0,0.0,0,0.0,0,0.0,85,61.909972999999994,26338,312.74323599999997,0.0,0.0
2022-09-08,2465.05,2071.58,0.0,0.0,10499.0,26.93,0.0,0.0,0.0,0.0,0,0.0,0,0.0,934,110.31,54597,308.546903,0.0,0.0
2022-09-09,1297.2,1220.37,0.0,0.0,9178.0,30.43,0.0,0.0,0.0,0.0,0,0.0,0,0.0,821,87.038535,20978,298.986725,0.0,0.0
2022-09-10,1784.6,1840.79,0.0,0.0,24116.0,33.88,0.0,0.0,0.0,0.0,0,0.0,0,0.0,1054,146.32999999999998,33477,295.271612,0.0,0.0
2022-09-11,2472.25,2342.2599999999998,0.0,0.0,25235.0,32.79,0.0,0.0,0.0,0.0,0,0.0,0,0.0,95,50.5,40100,295.599642,0.0,0.0
2022-09-12,1083.1,1003.27,0.0,0.0,3967.0,5.49,0.0,0.0,0.0,0.0,0,0.0,0,0.0,82,80.15,83809,307.745796,0.0,0.0
2022-09-13,1041.5,918.2,0.0,0.0,0.0,0.0,0.0,0.0,0.0,0.0,0,0.0,0,0.0,106,45.44,137840,307.597898,0.0,0.0
2022-09-14,1743.5,1544.28,0.0,0.0,0.0,0.0,0.0,0.0,0.0,0.0,0,0.0,0,0.0,107,114.61,120545,299.599318,0.0,0.0
2022-09-15,1332.0,1078.19,0.0,0.0,0.0,0.0,0.0,0.0,0.0,0.0,0,0.0,0,0.0,108,111.895535,56427,299.43808,0.0,0.0
2022-09-16,972.75,892.61,0.0,0.0,0.0,0.0,0.0,0.0,0.0,0.0,0,0.0,0,0.0,67,38.18,28830,290.0853,0.0,0.0
2022-09-17,1306.5,1171.0,0.0,0.0,0.0,0.0,0.0,0.0,0.0,0.0,0,0.0,0,0.0,88,76.844841,46348,307.482355,0.0,0.0
2022-09-18,633.5,591.06,0.0,0.0,0.0,0.0,0.0,0.0,0.0,0.0,0,0.0,0,0.0,71,24.759999999999998,21851,299.676754,0.0,0.0
2022-09-19,1170.1,1152.78,0.0,0.0,0.0,0.0,0.0,0.0,0.0,0.0,0,0.0,0,0.0,115,44.6,36786,312.630571,0.0,0.0
2022-09-20,2315.1,2206.61,0.0,0.0,0.0,0.0,0.0,0.0,0.0,0.0,0,0.0,0,0.0,95,16.09,33121,269.805501,0.0,0.0
2022-09-21,1651.5,1157.07,0.0,0.0,0.0,0.0,0.0,0.0,0.0,0.0,0,0.0,0,0.0,94,55.56,101977,303.407058,0.0,0.0
2022-09-22,1429.7,1351.3600000000001,0.0,0.0,0.0,0.0,0.0,0.0,0.0,0.0,0,0.0,0,0.0,108,38.600017,74554,332.400204,0.0,0.0
2022-09-23,1440.85,1488.94,0.0,0.0,0.0,0.0,0.0,0.0,0.0,0.0,0,0.0,0,0.0,77,30.270000000000003,32835,293.640434,0.0,0.0
2022-09-24,492.25,461.91,0.0,0.0,0.0,0.0,0.0,0.0,0.0,0.0,0,0.0,0,0.0,46,21.87,34014,284.147677,0.0,0.0
2022-09-25,1688.1,1603.63,0.0,0.0,0.0,0.0,0.0,0.0,0.0,0.0,0,0.0,0,0.0,43,4.09,29655,271.008319,0.0,0.0
2022-09-26,788.5,812.54,0.0,0.0,0.0,0.0,0.0,0.0,0.0,0.0,0,0.0,0,0.0,68,4.6499999999999995,34037,300.866276,0.0,0.0
2022-09-27,1201.6,1242.43,0.0,0.0,0.0,0.0,0.0,0.0,0.0,0.0,0,0.0,0,0.0,78,10.459999999999999,44949,297.389597,0.0,0.0
2022-09-28,2823.5,2970.21,0.0,0.0,0.0,0.0,0.0,0.0,0.0,0.0,0,0.0,0,0.0,104,111.94,32938,316.535239,0.0,0.0
2022-09-29,4182.9,3145.18,0.0,0.0,0.0,0.0,0.0,0.0,0.0,0.0,0,0.0,0,0.0,74,6.04,16979,286.736997,0.0,0.0
2022-09-30,2559.65,2274.1,0.0,0.0,0.0,0.0,0.0,0.0,0.0,0.0,0,0.0,0,0.0,85,17.69,54986,305.550935,0.0,0.0
2022-10-01,3479.75,3048.55,0.0,0.0,0.0,0.0,0.0,0.0,0.0,0.0,0,0.0,0,0.0,64,13.04,69210,291.961903,0.0,0.0
2022-10-02,1748.35,1744.05,0.0,0.0,0.0,0.0,0.0,0.0,0.0,0.0,0,0.0,0,0.0,65,18.55,90278,294.288051,0.0,0.0
2022-10-03,6718.3,3156.19,0.0,0.0,0.0,0.0,0.0,0.0,0.0,0.0,0,0.0,0,0.0,105,281.76,31873,304.254252,0.0,0.0
2022-10-04,2345.0,1410.83,0.0,0.0,0.0,0.0,0.0,0.0,0.0,0.0,0,0.0,0,0.0,87,163.79999999999998,26723,302.30771200000004,0.0,0.0
2022-10-05,2847.1,2189.2,0.0,0.0,0.0,0.0,0.0,0.0,0.0,0.0,0,0.0,0,0.0,54,12.280000000000001,32124,297.592191,0.0,0.0
2022-10-06,3577.9,3257.69,0.0,0.0,0.0,0.0,0.0,0.0,0.0,0.0,0,0.0,0,0.0,43,15.030000000000001,45996,293.7591,0.0,0.0
2022-10-07,2427.2,2460.4,0.0,0.0,0.0,0.0,0.0,0.0,0.0,0.0,0,0.0,0,0.0,48,20.89,42638,293.287582,0.0,0.0
2022-10-08,490.0,500.12,0.0,0.0,0.0,0.0,0.0,0.0,0.0,0.0,0,0.0,0,0.0,36,3.95,72546,291.060856,0.0,0.0
2022-10-09,1687.5,1558.28,0.0,0.0,0.0,0.0,0.0,0.0,0.0,0.0,0,0.0,0,0.0,45,26.310000000000002,88464,293.707989,0.0,0.0
2022-10-10,1369.5,1250.39,0.0,0.0,0.0,0.0,0.0,0.0,0.0,0.0,0,0.0,0,0.0,50,20.78,73225,300.937811,0.0,0.0
2022-10-11,1424.2,1394.15,0.0,0.0,0.0,0.0,0.0,0.0,0.0,0.0,0,0.0,0,0.0,48,19.990000000000002,36632,296.880159,0.0,0.0
2022-10-12,3041.5,2612.39,0.0,0.0,0.0,0.0,0.0,0.0,0.0,0.0,0,0.0,0,0.0,77,42.04,30103,289.911134,0.0,0.0
2022-10-13,1125.6,1176.1100000000001,0.0,0.0,0.0,0.0,0.0,0.0,0.0,0.0,0,0.0,0,0.0,63,78.99,38317,294.0344,0.0,0.0
2022-10-14,3815.0,3971.11,0.0,0.0,0.0,0.0,0.0,0.0,0.0,0.0,0,0.0,0,0.0,39,2.69,68751,292.397417,0.0,0.0
2022-10-15,1764.25,1732.43,0.0,0.0,0.0,0.0,0.0,0.0,0.0,0.0,0,0.0,0,0.0,37,3.9499999999999997,103677,290.22095,0.0,0.0
2022-10-16,2217.4,2192.03,0.0,0.0,0.0,0.0,0.0,0.0,0.0,0.0,0,0.0,0,0.0,53,14.83,71661,292.780625,0.0,0.0
2022-10-17,3454.4,2917.6800000000003,0.0,0.0,0.0,0.0,0.0,0.0,0.0,0.0,0,0.0,0,0.0,44,9.280000000000001,29798,291.41776699999997,0.0,0.0
2022-10-18,2236.9,2234.08,0.0,0.0,0.0,0.0,1003.0,68.58,0.0,0.0,0,0.0,0,0.0,186,31.54,30259,296.64209500000004,0.0,0.0
2022-10-19,3673.4,2893.9500000000003,0.0,0.0,0.0,0.0,7612.0,474.44000000000005,0.0,0.0,26,0.0,0,0.0,45,17.67,42763,308.489623,0.0,0.0
2022-10-20,2818.3,2681.69,0.0,0.0,0.0,0.0,16418.0,1105.96,0.0,0.0,2440,8.014608,0,0.0,51,2.903365,24869,298.54715699999997,0.0,0.0
2022-10-21,2282.0,2333.31,0.0,0.0,0.0,0.0,15181.0,1162.28,0.0,0.0,7592,30.97927,0,0.0,54,17.79,38199,303.245945,0.0,0.0
2022-10-22,3266.4,3080.13,0.0,0.0,0.0,0.0,12042.0,1197.8400000000001,0.0,0.0,7815,57.400407,0,0.0,286,32.99,32728,287.769649,0.0,0.0
2022-10-23,3518.65,3470.52,0.0,0.0,0.0,0.0,14042.0,1217.78,0.0,0.0,286627,98.484077,0,0.0,819,84.65,13140,285.756972,0.0,0.0
2022-10-24,5191.05,4461.46,0.0,0.0,0.0,0.0,15618.0,1204.62,0.0,0.0,6099,101.798796,0,0.0,1902,240.82999999999998,9420,294.039408,0.0,0.0
2022-10-25,2307.75,2245.2,0.0,0.0,0.0,0.0,16889.0,1152.06,0.0,0.0,12658,98.556156,0,0.0,1446,216.20377200000001,9352,308.073579,0.0,0.0
2022-10-26,2897.05,2374.12,0.0,0.0,0.0,0.0,15539.0,1117.77,0.0,0.0,8392,56.417092,0,0.0,1651,210.227241,9272,302.296222,0.0,0.0
2022-10-27,3353.45,3801.51,0.0,0.0,0.0,0.0,15981.0,1142.6399999999999,0.0,0.0,9712,58.786502,0,0.0,1522,156.880019,8677,286.48911699999996,0.0,0.0
2022-10-28,3105.3,2926.63,0.0,0.0,0.0,0.0,28596.0,1085.97,0.0,0.0,11206,60.051914,0,0.0,1551,190.58999999999997,8321,291.643094,0.0,0.0
2022-10-29,2923.05,2812.3,0.0,0.0,0.0,0.0,14242.0,1129.15,0.0,0.0,7875,55.540607,0,0.0,1542,188.85,11844,274.012901,0.0,0.0
2022-10-30,2282.05,2366.46,0.0,0.0,0.0,0.0,13506.0,1267.21,0.0,0.0,8077,42.033567,0,0.0,729,131.76,14631,289.963325,0.0,0.0
2022-10-31,2103.55,1957.12,0.0,0.0,0.0,0.0,18770.0,1187.96,0.0,0.0,3917,32.938272,0,0.0,544,64.63,10802,277.58000200000004,0.0,0.0
2022-11-01,2113.3,2148.77,0.0,0.0,0.0,0.0,21896.0,1154.92,0.0,0.0,6335,51.440677,0,0.0,758,100.36,11778,302.28737,0.0,0.0
2022-11-02,3532.3,3671.05,0.0,0.0,0.0,0.0,40365.0,1712.44,0.0,0.0,7597,42.301183,0,0.0,435,86.98,20787,297.229571,0.0,0.0
2022-11-03,2851.9,2832.07,0.0,0.0,0.0,0.0,39653.0,2276.18,0.0,0.0,5441,59.304435,0,0.0,149,14.559999999999999,14270,304.166862,0.0,0.0
2022-11-04,5312.75,4321.59,0.0,0.0,0.0,0.0,38991.0,1940.61,0.0,0.0,7993,45.784833,0,0.0,381,37.53,49327,400.290068,0.0,0.0
2022-11-05,2019.75,2037.17,0.0,0.0,0.0,0.0,20289.0,1137.31,0.0,0.0,4478,54.364564,0,0.0,1607,170.01963999999998,33943,401.708105,0.0,0.0
2022-11-06,2158.35,2101.44,0.0,0.0,0.0,0.0,22211.0,1249.15,0.0,0.0,5959,49.524716,0,0.0,1372,198.33999999999997,26268,401.05225099999996,0.0,0.0
2022-11-07,1415.0,1426.08,0.0,0.0,0.0,0.0,17056.0,1163.5,0.0,0.0,8112,53.224248,0,0.0,1390,128.01,36995,411.16880000000003,0.0,0.0
2022-11-08,1757.6,1798.92,0.0,0.0,0.0,0.0,19433.0,1097.1,0.0,0.0,8259,49.538432,0,0.0,1065,123.49000000000001,64513,401.69798000000003,0.0,0.0
2022-11-09,3015.1,2773.65,0.0,0.0,0.0,0.0,36119.0,1081.81,0.0,0.0,9922,45.918945,0,0.0,866,106.14999999999999,101135,384.161251,0.0,0.0
2022-11-10,3960.6000000000004,3871.1,0.0,0.0,0.0,0.0,31172.0,1152.25,0.0,0.0,6368,30.865602,0,0.0,872,129.969866,106502,348.14245600000004,0.0,0.0
2022-11-11,1567.45,1573.73,0.0,0.0,0.0,0.0,19472.0,1146.6,0.0,0.0,9612,82.828002,0,0.0,779,106.13,102030,354.987788,0.0,0.0
2022-11-12,1756.75,1851.5900000000001,0.0,0.0,0.0,0.0,20358.0,1159.58,0.0,0.0,8847,51.486608,0,0.0,956,125.13999999999999,104118,378.110084,0.0,0.0
2022-11-13,2325.6,2331.13,0.0,0.0,0.0,0.0,24093.0,1184.56,0.0,0.0,10105,52.263262,0,0.0,1186,203.78,72359,366.965988,0.0,0.0
2022-11-14,4677.85,4020.6099999999997,0.0,0.0,0.0,0.0,24235.0,1176.01,0.0,0.0,7531,54.152419,0,0.0,868,156.68599,83585,436.9103779999999,0.0,0.0
2022-11-15,7386.27,6925.9400000000005,0.0,0.0,0.0,0.0,20516.0,1345.82,0.0,0.0,7885,50.155915,0,0.0,844,174.79,67750,428.85586,0.0,0.0
2022-11-16,3807.95,3857.16,0.0,0.0,0.0,0.0,30821.0,1488.859999,0.0,0.0,9554,93.268372,0,0.0,605,96.49000000000001,69124,480.03763100000003,0.0,0.0
2022-11-17,3685.57,3577.55,0.0,0.0,0.0,0.0,34037.0,1945.85,0.0,0.0,8814,56.531099,0,0.0,692,152.91,64273,423.009318,0.0,0.0
2022-11-18,4827.76,4746.97,0.0,0.0,0.0,0.0,31278.0,2205.34,0.0,0.0,98859,141.050668,0,0.0,726,137.13000000000002,40264,417.692002,0.0,0.0
2022-11-19,2186.83,2319.49,0.0,0.0,0.0,0.0,28711.0,2292.75,0.0,0.0,14238,90.172886,0,0.0,752,87.63,38181,410.920654,0.0,0.0
2022-11-20,4887.36,5075.63,0.0,0.0,0.0,0.0,32591.0,2392.27,0.0,0.0,11721,116.253773,0,0.0,686,148.41,35099,406.401271,0.0,0.0
2022-11-21,2785.5699999999997,2376.84,0.0,0.0,0.0,0.0,37059.0,2316.909999,0.0,0.0,6642,118.224,0,0.0,553,72.74,34772,403.07520999999997,0.0,0.0
2022-11-22,2303.38,2298.11,0.0,0.0,0.0,0.0,42282.0,3293.419999,0.0,0.0,13172,151.899954,0,0.0,699,55.72,81636,793.578949,0.0,0.0
2022-11-23,1671.65,1645.47,0.0,0.0,0.0,0.0,42479.0,4562.9800000000005,0.0,0.0,12744,165.232345,0,0.0,1059,126.03,116263,787.615525,0.0,0.0
2022-11-24,1685.57,1713.81,0.0,0.0,0.0,0.0,41646.0,4622.2699999999995,0.0,0.0,11685,184.180367,0,0.0,695,113.61,113695,802.1471730000001,0.0,0.0
2022-11-25,6111.11,6275.4,0.0,0.0,0.0,0.0,41472.0,4587.36,0.0,0.0,13073,169.095068,0,0.0,1027,185.48000000000002,107573,848.033539,0.0,0.0
2022-11-26,3226.9,3206.25,0.0,0.0,0.0,0.0,49353.0,4619.07,0.0,0.0,16798,244.900959,0,0.0,505,192.27,148398,808.416547,0.0,0.0
2022-11-27,2815.31,2841.14,0.0,0.0,0.0,0.0,48618.0,4838.7,0.0,0.0,15671,240.859488,0,0.0,1030,116.61000000000001,183655,802.631012,0.0,0.0
2022-11-28,7149.5199999999995,6834.98,0.0,0.0,0.0,0.0,39620.0,4720.29,0.0,0.0,15565,197.605714,0,0.0,870,155.55,57746,915.0342089999999,0.0,0.0
2022-11-29,5968.89,5964.15,0.0,0.0,0.0,0.0,38996.0,3375.079999,0.0,0.0,13053,253.430831,0,0.0,768,164.87,76889,768.578103,0.0,0.0
2022-11-30,2581.8,2595.36,0.0,0.0,0.0,0.0,61240.0,3629.7,0.0,0.0,20986,191.086042,0,0.0,717,163.56,52898,722.927361,0.0,0.0
2022-12-01,3834.15,3914.5099999999998,0.0,0.0,0.0,0.0,72935.0,4131.63,0.0,0.0,24667,242.733921,0,0.0,420,58.54,37062,838.978474,0.0,0.0
2022-12-02,4912.9,4660.86,0.0,0.0,0.0,0.0,69092.0,4194.91,0.0,0.0,22389,191.731867,0,0.0,323,68.12,26650,734.792671,0.0,0.0
2022-12-03,1919.9,2084.51,0.0,0.0,0.0,0.0,49341.0,2207.88,0.0,0.0,34696,221.748278,0,0.0,348,126.77,7064,209.741452,0.0,0.0
2022-12-04,2784.7000000000003,2467.64,0.0,0.0,0.0,0.0,45006.0,2241.99,0.0,0.0,21823,217.45131,0,0.0,1199,220.5,7128,202.295028,0.0,0.0
2022-12-05,2700.95,2579.92,0.0,0.0,0.0,0.0,56836.0,2088.9,0.0,0.0,178566,239.791826,0,0.0,1870,209.28,6678,219.22262,0.0,0.0
2022-12-06,3662.8,3713.4500000000003,0.0,0.0,0.0,0.0,51237.0,2098.940001,0.0,0.0,112431,220.800572,0,0.0,1545,174.60999999999999,6505,218.186576,0.0,0.0
2022-12-07,2127.8,2153.98,0.0,0.0,0.0,0.0,39401.0,2053.37,0.0,0.0,97555,183.338098,0,0.0,1117,136.434523,7395,226.05935,0.0,0.0
2022-12-08,3865.3,3519.25,0.0,0.0,0.0,0.0,49193.0,2062.64,0.0,0.0,41936,142.0451,0,0.0,1001,140.65,7844,222.97627899999998,0.0,0.0
2022-12-09,2163.4,2189.9,0.0,0.0,0.0,0.0,53486.0,2075.12,0.0,0.0,40545,209.309865,0,0.0,1611,154.16,9690,218.037641,0.0,0.0
2022-12-10,4118.75,4181.27,0.0,0.0,0.0,0.0,46798.0,2079.04,0.0,0.0,53090,226.288065,0,0.0,1193,140.44,12747,210.008874,0.0,0.0
2022-12-11,1804.0,1918.35,0.0,0.0,0.0,0.0,45368.0,2269.8,0.0,0.0,94468,221.312195,0,0.0,1252,137.26,13449,216.960598,0.0,0.0
2022-12-12,6184.7,5768.6900000000005,0.0,0.0,0.0,0.0,47047.0,2182.86,0.0,0.0,121586,234.414068,0,0.0,762,287.77,12651,218.860098,0.0,0.0
2022-12-13,3501.55,3204.48,0.0,0.0,0.0,0.0,46516.0,2347.9,0.0,0.0,81324,214.107167,0,0.0,1064,264.35,12080,215.03254700000002,0.0,0.0
2022-12-14,2227.85,2304.43,0.0,0.0,0.0,0.0,45109.0,2291.66,0.0,0.0,113685,209.171309,0,0.0,621,278.8,14928,206.89002499999998,0.0,0.0
2022-12-15,1932.9,2249.95,0.0,0.0,0.0,0.0,41059.0,2071.14,0.0,0.0,63931,220.866279,0,0.0,453,156.29,16149,209.327915,0.0,0.0
2022-12-16,8282.5,7857.05,0.0,0.0,0.0,0.0,42695.0,1940.55,0.0,0.0,51495,212.798886,0,0.0,648,82.91,18213,205.440086,0.0,0.0
2022-12-17,4957.1,5061.44,0.0,0.0,0.0,0.0,46422.0,1944.82,0.0,0.0,69013,203.134295,0,0.0,1491,317.37,21224,200.13826,0.0,0.0
2022-12-18,2836.2,2950.18,0.0,0.0,0.0,0.0,47090.0,2167.45,0.0,0.0,26209,168.195671,0,0.0,612,143.12,20344,198.074456,0.0,0.0
2022-12-19,1177.0,1237.51,0.0,0.0,0.0,0.0,28287.0,1326.22,0.0,0.0,33634,195.341958,0,0.0,1275,166.66,15058,210.81456200000002,0.0,0.0
2022-12-20,2104.75,2108.7999999999997,0.0,0.0,0.0,0.0,66003.0,2156.34,0.0,0.0,66246,184.992986,0,0.0,658,105.57,25113,441.07826700000004,0.0,0.0
2022-12-21,4664.8,4597.98,0.0,0.0,0.0,0.0,123352.0,5000.0,0.0,0.0,15744,163.540601,0,0.0,658,101.16,30467,417.634359,0.0,0.0
2022-12-22,6646.4,6914.33,0.0,0.0,0.0,0.0,136609.0,5000.0,0.0,0.0,54267,205.567079,0,0.0,2901,822.33,26969,396.139208,0.0,0.0
2022-12-23,4897.2,4986.98,0.0,0.0,0.0,0.0,164460.0,5000.0,0.0,0.0,43021,156.073169,0,0.0,3497,872.94,24451,381.84603799999996,0.0,0.0
2022-12-24,6147.0,6410.28,0.0,0.0,0.0,0.0,161306.0,5000.0,0.0,0.0,146436,171.281022,0,0.0,2222,499.19000000000005,31647,387.34167,0.0,0.0
2022-12-25,6877.0,6945.82,0.0,0.0,0.0,0.0,204171.0,5000.0,0.0,0.0,49786,172.998352,0,0.0,2955,576.714509,30083,381.12442,0.0,0.0
2022-12-26,5486.5,5618.61,0.0,0.0,0.0,0.0,187205.0,5000.0,0.0,0.0,58623,185.875864,0,0.0,2803,516.62,34484,421.005083,0.0,0.0
2022-12-27,6942.7,6608.99,0.0,0.0,0.0,0.0,178651.0,5000.0,0.0,0.0,94769,197.207156,0,0.0,3087,544.49,39281,416.43831,0.0,0.0
2022-12-28,4132.2,4394.7699999999995,0.0,0.0,0.0,0.0,172718.0,5000.0,0.0,0.0,70540,192.80966,0,0.0,2276,360.15999999999997,39858,389.688304,0.0,0.0
2022-12-29,7002.0,7184.54,0.0,0.0,0.0,0.0,143899.0,5000.0,0.0,0.0,121764,171.719586,0,0.0,2166,314.73999999999995,15345,197.213116,0.0,0.0
2022-12-30,5341.9,5286.05,0.0,0.0,0.0,0.0,151577.0,5000.000001,0.0,0.0,62047,150.028842,0,0.0,1698,287.322853,14723,206.072614,0.0,0.0
2022-12-31,5345.5,5245.67,0.0,0.0,0.0,0.0,169150.0,5000.0,0.0,0.0,26168,155.411871,0,0.0,1353,224.78,22743,167.359663,0.0,0.0
2023-01-01,6568.55,6713.07,0.0,0.0,0.0,0.0,214798.0,4999.999999,0.0,0.0,44429,185.942832,0,0.0,1398,483.18404,32517,170.25154300000003,0.0,0.0
2023-01-02,6768.7,6693.84,0.0,0.0,0.0,0.0,173910.0,5000.0,0.0,0.0,62111,202.89997,0,0.0,1960,553.22,35367,187.34052,0.0,0.0
2023-01-03,6903.8,6361.58,0.0,0.0,0.0,0.0,144318.0,5000.0,0.0,0.0,78661,202.659811,0,0.0,2463,410.17720099999997,23890,195.70296000000002,0.0,0.0
2023-01-04,5533.65,5272.07,0.0,0.0,0.0,0.0,154678.0,5000.0,0.0,0.0,91921,209.966876,0,0.0,2343,289.32394,15206,183.854244,0.0,0.0
2023-01-05,4600.25,4316.49,0.0,0.0,0.0,0.0,146436.0,4999.999999,0.0,0.0,67028,140.281364,0,0.0,2147,324.82,11439,201.012967,0.0,0.0
2023-01-06,6828.18,6507.62,0.0,0.0,0.0,0.0,118005.0,4185.73,0.0,0.0,94497,266.40374,0,0.0,2599,403.93,17961,186.476475,0.0,0.0
2023-01-07,4448.9,4496.45,0.0,0.0,0.0,0.0,119832.0,4332.12,0.0,0.0,84744,212.250829,0,0.0,1890,412.41999999999996,21705,180.254275,0.0,0.0
2023-01-08,4539.75,4626.25,0.0,0.0,0.0,0.0,101581.0,4076.31,0.0,0.0,86735,220.154434,0,0.0,2970,502.1,22854,183.45440100000002,0.0,0.0
2023-01-09,4436.099999999999,4346.81,0.0,0.0,0.0,0.0,129896.0,4455.13,0.0,0.0,48516,215.83589,0,0.0,1601,482.967081,33525,230.853346,0.0,0.0
2023-01-10,5554.4,4608.13,0.0,0.0,0.0,0.0,154120.0,4846.55,0.0,0.0,170018,195.489938,0,0.0,1868,308.84999999999997,29684,233.58547099999998,0.0,0.0
2023-01-11,3977.9,3880.46,0.0,0.0,0.0,0.0,171824.0,4826.95,0.0,0.0,73562,197.015652,0,0.0,781,116.54,24325,203.97216600000002,0.0,0.0
2023-01-12,7226.9,7373.35,0.0,0.0,0.0,0.0,156950.0,4655.2,0.0,0.0,61445,156.057824,0,0.0,1116,119.97,28334,195.801155,0.0,0.0
2023-01-13,8324.25,8293.34,0.0,0.0,0.0,0.0,155508.0,4767.42,0.0,0.0,98871,176.317628,0,0.0,808,88.88000000000001,21757,193.552003,0.0,0.0
2023-01-14,8342.8,8594.44,0.0,0.0,0.0,0.0,165036.0,4802.68,0.0,0.0,71566,167.171497,0,0.0,781,143.97,14234,179.678441,0.0,0.0
2023-01-15,6257.6,6618.349999999999,0.0,0.0,0.0,0.0,187072.0,5000.0,0.0,0.0,99911,214.796884,0,0.0,795,87.59,22164,193.479777,0.0,0.0
2023-01-16,5108.7,5042.53,0.0,0.0,0.0,0.0,199994.0,4987.18,0.0,0.0,28010,125.698247,0,0.0,790,105.990222,12911,204.52340900000002,0.0,0.0
2023-01-17,4080.7,4434.65,0.0,0.0,0.0,0.0,190633.0,4910.25,0.0,0.0,72543,160.674117,0,0.0,227,93.75,1908,47.665146,0.0,0.0
2023-01-18,5040.2,4877.01,0.0,0.0,0.0,0.0,181797.0,4690.05,0.0,0.0,10696,54.076691,0,0.0,189,62.017365999999996,501,20.378254000000002,0.0,0.0
2023-01-19,12955.8,7838.25,0.0,0.0,0.0,0.0,129129.0,4302.0,0.0,0.0,7851,54.367164,0,0.0,163,51.549183,427,13.115592,0.0,0.0
2023-01-20,5851.6,6239.59,0.0,0.0,0.0,0.0,156857.0,5025.0,0.0,0.0,14239,50.142289,0,0.0,208,29.900740999999996,0,0.0,0.0,0.0
2023-01-21,9624.15,9861.13,0.0,0.0,0.0,0.0,115065.0,4929.48,0.0,0.0,7109,40.591899,0,0.0,238,55.400000000000006,0,0.0,0.0,0.0
2023-01-22,7257.85,7174.43,0.0,0.0,0.0,0.0,163350.0,5262.599999999999,0.0,0.0,2095,46.659498,0,0.0,541,42.25,0,0.0,0.0,0.0
2023-01-23,4030.15,3719.71,0.0,0.0,0.0,0.0,121343.0,4779.349999999999,0.0,0.0,23501,57.543708,0,0.0,1002,104.23,0,0.0,0.0,0.0
2023-01-24,6521.6,6459.47,0.0,0.0,0.0,0.0,135746.0,4923.109998999999,0.0,0.0,6568,51.402078,0,0.0,836,67.11,0,0.0,0.0,0.0
2023-01-25,6094.45,5890.61,0.0,0.0,0.0,0.0,167672.0,4881.74,0.0,0.0,7073,42.057053,0,0.0,587,91.28999999999999,0,0.0,0.0,0.0
2023-01-26,6109.8,6245.84,0.0,0.0,0.0,0.0,132689.0,4706.28,0.0,0.0,7315,63.714715,0,0.0,570,81.79,0,0.0,0.0,0.0
2023-01-27,9815.25,9604.37,0.0,0.0,0.0,0.0,183046.0,4797.08,0.0,0.0,17253,52.513211999999996,0,0.0,367,58.260000000000005,0,0.0,0.0,0.0
2023-01-28,8426.2,8628.53,0.0,0.0,0.0,0.0,199694.0,4808.739998999999,0.0,0.0,17902,107.595202,0,0.0,562,60.019999999999996,0,0.0,0.0,0.0
2023-01-29,12521.5,13049.67,0.0,0.0,0.0,0.0,182272.0,5327.4400000000005,0.0,0.0,10490,69.615128,0,0.0,562,63.46,0,0.0,0.0,0.0
2023-01-30,7999.3,6896.18,0.0,0.0,0.0,0.0,195529.0,5040.7,0.0,0.0,14188,52.817909,0,0.0,573,77.09,0,0.0,0.0,0.0
2023-01-31,6883.55,7278.71,0.0,0.0,0.0,0.0,178632.0,4912.14,0.0,0.0,15777,43.444821000000005,0,0.0,325,76.28999999999999,0,0.0,0.0,0.0
2023-02-01,6534.1,6102.72,0.0,0.0,0.0,0.0,200624.0,4824.96,0.0,0.0,37641,74.688608,0,0.0,802,56.07,0,0.0,0.0,0.0
2023-02-02,5030.0,5445.22,0.0,0.0,0.0,0.0,170542.0,4835.62,0.0,0.0,48643,90.256854,0,0.0,801,60.07,0,0.0,0.0,0.0
2023-02-03,4767.6,5119.0,0.0,0.0,0.0,0.0,197955.0,4826.41,0.0,0.0,17254,75.494628,0,0.0,830,127.70000000000002,0,0.0,0.0,0.0
2023-02-04,7822.5,8388.05,0.0,0.0,0.0,0.0,193298.0,4882.709999,0.0,0.0,6630,69.998459,0,0.0,531,64.78,0,0.0,0.0,0.0
2023-02-05,4708.0,5149.82,0.0,0.0,0.0,0.0,203362.0,5243.57,0.0,0.0,12833,65.308096,0,0.0,694,90.49,0,0.0,0.0,0.0
2023-02-06,5966.0,6242.92,0.0,0.0,0.0,0.0,249517.0,5043.579998,0.0,0.0,23524,68.74008599999999,0,0.0,382,87.34,0,0.0,0.0,0.0
2023-02-07,6065.25,6580.96,0.0,0.0,0.0,0.0,134897.0,5011.090002,0.0,0.0,24325,74.368945,0,0.0,470,65.78,0,0.0,0.0,0.0
2023-02-08,8555.5,8895.96,0.0,0.0,0.0,0.0,133263.0,4880.029997,0.0,0.0,9994,70.284185,0,0.0,612,65.71000000000001,0,0.0,0.0,0.0
2023-02-09,6573.5,6590.04,0.0,0.0,0.0,0.0,120760.0,4975.030001,0.0,0.0,11101,77.424189,0,0.0,319,85.96000000000001,0,0.0,0.0,0.0
2023-02-10,8452.5,7795.509999999999,0.0,0.0,0.0,0.0,179652.0,5034.750001,0.0,0.0,5276,70.172368,0,0.0,451,113.53,0,0.0,0.0,0.0
2023-02-11,6177.8,6474.15,0.0,0.0,0.0,0.0,187648.0,4991.0,0.0,0.0,6043,78.36946,0,0.0,195,46.72,0,0.0,0.0,0.0
2023-02-12,6622.8,7021.26,0.0,0.0,0.0,0.0,187808.0,5523.92,0.0,0.0,10340,45.238541,0,0.0,190,46.57,0,0.0,0.0,0.0
2023-02-13,4834.55,5289.8,0.0,0.0,0.0,0.0,233038.0,5214.18,0.0,0.0,4071,61.215634,0,0.0,349,53.62,0,0.0,0.0,0.0
2023-02-14,4932.5,5390.18,0.0,0.0,0.0,0.0,162946.0,5116.0599999999995,0.0,0.0,5195,57.129825,0,0.0,563,138.81,13329,60.532514,0.0,0.0
2023-02-15,4020.0,4451.69,0.0,0.0,0.0,0.0,128839.0,4957.400002,0.0,0.0,65115,53.194199,0,0.0,639,133.63,12871,92.008082,0.0,0.0
2023-02-16,3665.1,4034.95,0.0,0.0,0.0,0.0,159776.0,5181.88,0.0,0.0,37948,56.662043,0,0.0,851,118.1,29193,58.986885,0.0,0.0
2023-02-17,5271.6,5617.66,0.0,0.0,0.0,0.0,101331.0,4036.24,0.0,0.0,3786,48.546487,0,0.0,812,143.78,28460,90.87175500000001,0.0,0.0
2023-02-18,5165.5,5507.4800000000005,0.0,0.0,0.0,0.0,90350.0,4204.15,0.0,0.0,4591,44.758477,0,0.0,223,111.68,45149,54.591937,0.0,0.0
2023-02-19,3079.8,3320.42,0.0,0.0,0.0,0.0,109714.0,4664.8,0.0,0.0,6407,57.31082,0,0.0,640,73.37,51108,54.903124000000005,0.0,0.0
2023-02-20,3759.25,3966.29,0.0,0.0,0.0,0.0,133933.0,4380.71,0.0,0.0,7617,56.102819,0,0.0,527,220.61,40386,57.256529,0.0,0.0
2023-02-21,2324.6,2519.62,0.0,0.0,0.0,0.0,120396.0,4427.83,0.0,0.0,14667,55.975557,0,0.0,341,52.489999999999995,33610,55.690454,0.0,0.0
2023-02-22,9330.7,9880.93,0.0,0.0,0.0,0.0,142776.0,4354.03,0.0,0.0,5112,59.555621,0,0.0,644,95.61,14974,56.184605,0.0,0.0
2023-02-23,5023.2,4761.46,0.0,0.0,0.0,0.0,145509.0,4431.56,0.0,0.0,7422,29.051582,0,0.0,878,138.53,5635,23.267558,0.0,0.0
2023-02-24,3744.3,3644.58,0.0,0.0,0.0,0.0,146477.0,4759.12,0.0,0.0,72303,73.264162,0,0.0,600,96.92,1998,22.496793,0.0,0.0
2023-02-25,4600.0,4937.66,0.0,0.0,0.0,0.0,100990.0,4895.8099999999995,0.0,0.0,39079,61.140859,0,0.0,281,62.13,13730,22.620905,0.0,0.0
2023-02-26,3705.0,3962.6,0.0,0.0,0.0,0.0,148626.0,5180.45,0.0,0.0,30294,55.963307,0,0.0,402,101.84,12819,31.800483,0.0,0.0
2023-02-27,5201.0,5104.2,0.0,0.0,0.0,0.0,143120.0,4835.57,0.0,0.0,7761,51.111688,0,0.0,385,72.06,11392,18.685093,0.0,0.0
2023-02-28,5408.1,4973.93,0.0,0.0,0.0,0.0,103349.0,4032.3500010000002,0.0,0.0,25899,41.776249,0,0.0,633,56.75,8668,18.481753,0.0,0.0
2023-03-01,9162.0,6523.33,0.0,0.0,2224.0,25.69,121605.0,3996.999999,0.0,0.0,66324,53.851521,0,0.0,802,65.55,5058,30.467185,0.0,0.0
2023-03-02,5432.1,4065.7,0.0,0.0,7499.0,26.14,97388.0,3858.15,0.0,0.0,21955,56.925953,0,0.0,498,91.53999999999999,8519,49.242506,0.0,0.0
2023-03-03,4090.7,3957.58,0.0,0.0,7076.0,26.580000000000002,90215.0,3951.18,0.0,0.0,9865,43.741731,0,0.0,622,107.14,7380,45.075830999999994,0.0,0.0
2023-03-04,4416.0,4564.15,0.0,0.0,7194.0,27.56,86273.0,4054.0,0.0,0.0,0,0.0,0,0.0,283,77.97999999999999,7042,54.820868000000004,0.0,0.0
2023-03-05,3000.0,3195.61,0.0,0.0,7569.0,26.529999999999998,82312.0,4234.58,0.0,0.0,0,0.0,0,0.0,236,94.53,8528,56.518094000000005,0.0,0.0
2023-03-06,1867.5,1567.16,0.0,0.0,8730.0,25.330000000000002,90241.0,4054.05,0.0,0.0,0,0.0,0,0.0,330,73.42,8267,56.510949,0.0,0.0
2023-03-07,5296.1,4582.49,0.0,0.0,7680.0,24.7,69353.0,3933.46,0.0,0.0,0,0.0,0,0.0,156,55.16,12284,55.699538000000004,0.0,0.0
2023-03-08,5941.5,4712.34,0.0,0.0,7458.0,24.33,77687.0,4112.75,0.0,0.0,0,0.0,0,0.0,206,58.59,7140,70.004068,0.0,0.0
2023-03-09,7181.5,7345.79,0.0,0.0,8068.0,24.319999999999997,89114.0,5098.46,0.0,0.0,0,0.0,0,0.0,330,125.7,51499,227.929463,0.0,0.0
2023-03-10,7357.1,7821.11,0.0,0.0,8178.0,24.42,139546.0,7340.91,0.0,0.0,0,0.0,0,0.0,507,77.07,97584,247.70531,0.0,0.0
2023-03-11,9641.05,10041.58,0.0,0.0,7215.0,25.37,150018.0,9791.699999999999,0.0,0.0,0,0.0,0,0.0,695,184.91,123139,249.114513,0.0,0.0
2023-03-12,7903.0,8165.82,0.0,0.0,6330.0,26.64,155951.0,10137.97,0.0,0.0,0,0.0,0,0.0,610,118.22,115357,231.62319,0.0,0.0
2023-03-13,7176.25,7573.45,0.0,0.0,8812.0,25.5,191057.0,9772.46,0.0,0.0,0,0.0,0,0.0,617,161.25,123414,249.380468,0.0,0.0
2023-03-14,4603.9,4798.39,0.0,0.0,8835.0,24.740000000000002,151086.0,9478.41,0.0,0.0,0,0.0,0,0.0,1650,204.56,115956,218.00528400000002,0.0,0.0
2023-03-15,7275.0,7518.849999999999,0.0,0.0,8287.0,24.310000000000002,194032.0,9700.42,0.0,0.0,0,0.0,0,0.0,2642,408.76,76770,251.70544,0.0,0.0
2023-03-16,8610.7,7607.26,0.0,0.0,4047.0,24.299999999999997,219285.0,10024.369999999999,0.0,0.0,0,0.0,0,0.0,1712,336.7,34233,255.896343,0.0,0.0
2023-03-17,8982.0,9637.59,0.0,0.0,2997.0,24.38,206807.0,10446.52,0.0,0.0,0,0.0,0,0.0,2003,279.34000000000003,10023,276.56674999999996,0.0,0.0
2023-03-18,8337.3,8769.81,0.0,0.0,3080.0,25.130000000000003,254853.0,10351.07,0.0,0.0,0,0.0,0,0.0,1042,163.62,30078,243.14213999999998,0.0,0.0
2023-03-19,12711.7,11386.54,0.0,0.0,6101.0,26.509999999999998,217073.0,10730.19,0.0,0.0,0,0.0,0,0.0,2034,287.14,43437,212.060837,0.0,0.0
2023-03-20,7621.0,8011.03,0.0,0.0,7625.0,25.42,237478.0,10387.5,0.0,0.0,0,0.0,0,0.0,1555,204.71,15446,166.97384699999998,0.0,0.0
2023-03-21,8202.0,8708.77,0.0,0.0,7849.0,24.76,278362.0,10329.6,0.0,0.0,0,0.0,0,0.0,1257,169.57,30465,208.99443300000001,0.0,0.0
2023-03-22,5415.2,5535.14,0.0,0.0,5810.0,23.77,380711.0,10217.750001,0.0,0.0,0,0.0,0,0.0,1167,152.57999999999998,11790,194.450171,0.0,0.0
2023-03-23,4515.6,4720.61,0.0,0.0,5944.0,24.520000000000003,167481.0,9411.539999999999,0.0,0.0,0,0.0,0,0.0,1917,212.29000000000002,41247,161.610218,0.0,0.0
2023-03-24,6358.5,6652.639999999999,0.0,0.0,4881.0,24.61,159713.0,8470.25,0.0,0.0,0,0.0,0,0.0,967,194.95,40612,133.623559,0.0,0.0
2023-03-25,6605.1,6953.57,0.0,0.0,4006.0,25.41,174273.0,8261.1,0.0,0.0,0,0.0,0,0.0,1836,155.01999999999998,30017,149.722244,0.0,0.0
2023-03-26,7805.2,8297.2,0.0,0.0,3955.0,26.39,194877.0,8645.95,0.0,0.0,0,0.0,0,0.0,1977,189.0,25139,146.94608699999998,0.0,0.0
2023-03-27,5756.0,5019.23,0.0,0.0,4608.0,25.299999999999997,198534.0,7286.07,0.0,0.0,0,0.0,0,0.0,1738,302.78,23162,135.693324,0.0,0.0
2023-03-28,4913.8,5071.57,0.0,0.0,4218.0,24.57,133648.0,5451.95,0.0,0.0,0,0.0,0,0.0,665,206.54,27096,174.260635,0.0,0.0
2023-03-29,3801.2,3427.57,0.0,0.0,6087.0,24.28,126293.0,5433.42,0.0,0.0,0,0.0,0,0.0,752,123.59,18024,250.464695,0.0,0.0
2023-03-30,6929.7,5980.53,0.0,0.0,4943.0,24.23,126896.0,5278.97,0.0,0.0,0,0.0,0,0.0,648,139.73,8469,188.904761,0.0,0.0
2023-03-31,3679.0,3903.71,0.0,0.0,4753.0,24.66,103971.0,3504.79,0.0,0.0,0,0.0,0,0.0,1099,127.00999999999999,5210,129.988673,0.0,0.0
2023-04-01,3166.0,3293.02,0.0,0.0,5514.0,25.57,84265.0,2973.73,0.0,0.0,0,0.0,0,0.0,1129,142.17000000000002,12030,162.74159600000002,0.0,0.0
2023-04-02,3063.7,3277.11,0.0,0.0,6030.0,26.310000000000002,90328.0,3266.37,0.0,0.0,0,0.0,0,0.0,786,203.3,12567,188.729773,0.0,0.0
2023-04-03,3854.7,3988.68,0.0,0.0,6360.0,25.24,106369.0,3069.19,0.0,0.0,0,0.0,0,0.0,723,122.64,10365,202.554132,0.0,0.0
2023-04-04,2751.5,1799.9299999999998,0.0,0.0,5489.0,24.77,94942.0,2980.81,0.0,0.0,0,0.0,0,0.0,1120,233.96,6984,193.954893,0.0,0.0
2023-04-05,4122.4,4438.78,0.0,0.0,4741.0,24.66,82847.0,3083.5099999999998,0.0,0.0,0,0.0,0,0.0,901,241.76000000000002,5193,158.270809,0.0,0.0
2023-04-06,5843.4,5237.57,0.0,0.0,4188.0,24.68,67898.0,3074.06,0.0,0.0,0,0.0,0,0.0,797,186.14000000000001,6825,166.25932999999998,0.0,0.0
2023-04-07,4314.1,4569.05,0.0,0.0,3748.0,24.73,70966.0,3049.69,0.0,0.0,0,0.0,0,0.0,633,175.37,7374,169.484889,0.0,0.0
2023-04-08,1737.1,1798.38,0.0,0.0,3671.0,24.61,75914.0,3046.15,0.0,0.0,0,0.0,0,0.0,924,143.24,12362,173.98585,0.0,0.0
2023-04-09,4272.0,4674.13,0.0,0.0,4468.0,26.31,75624.0,3303.4,0.0,0.0,0,0.0,0,0.0,924,197.10999999999999,9055,170.964526,0.0,0.0
2023-04-10,3372.4,3579.84,0.0,0.0,4613.0,25.35,82775.0,3192.88,0.0,0.0,0,0.0,0,0.0,798,174.92,14336,172.70324699999998,0.0,0.0
2023-04-11,2767.9,2821.93,0.0,0.0,5470.0,24.62,63120.0,3056.5299999999997,0.0,0.0,0,0.0,0,0.0,1225,137.78,17093,188.605852,0.0,0.0
2023-04-12,3594.5,3416.16,0.0,0.0,4335.0,24.41,53388.0,3033.59,0.0,0.0,0,0.0,0,0.0,1198,290.24,11151,148.066685,0.0,0.0
2023-04-13,5060.0,4775.33,0.0,0.0,3977.0,24.35,66168.0,3034.32,0.0,0.0,0,0.0,0,0.0,867,220.69,15699,164.777974,0.0,0.0
2023-04-14,5523.76,5283.9400000000005,0.0,0.0,3824.0,24.62,98746.0,3993.67,0.0,0.0,0,0.0,0,0.0,765,172.91,15603,154.347636,0.0,0.0
2023-04-15,7715.5,7940.36,0.0,0.0,3797.0,25.34,91629.0,4141.25,0.0,0.0,0,0.0,0,0.0,1191,193.06,15317,149.447451,0.0,0.0
2023-04-16,5898.28,6184.15,0.0,0.0,4170.0,26.340000000000003,104352.0,4136.0,0.0,0.0,273,5.007864,0,0.0,1569,222.4,19444,145.932544,0.0,0.0
2023-04-17,5623.6,5178.88,0.0,0.0,4012.0,25.189999999999998,83265.0,3853.2799999999997,0.0,0.0,34687,104.397987,0,0.0,731,229.20999999999998,20651,139.982327,0.0,0.0
2023-04-18,4439.5,4734.21,0.0,0.0,3512.0,24.71,99330.0,3767.7799999999997,0.0,0.0,92601,95.417578,0,0.0,1203,217.70999999999998,11230,143.992511,0.0,0.0
